ISO-10303-21;
HEADER;
/* Generated by software containing ST-Developer
 * from STEP Tools, Inc. (www.steptools.com) 
 */
/* OPTION: using custom schema-name function */

FILE_DESCRIPTION(
/* description */ (''),
/* implementation_level */ '2;1');

FILE_NAME(
/* name */ '2',
/* time_stamp */ '2022-11-28T14:51:10+08:00',
/* author */ (''),
/* organization */ (''),
/* preprocessor_version */ 'ST-DEVELOPER v16.5',
/* originating_system */ '',
/* authorisation */ '');

FILE_SCHEMA (('CONFIG_CONTROL_DESIGN'));
ENDSEC;

DATA;
#10=SHAPE_REPRESENTATION_RELATIONSHIP('','',#1202,#12);
#11=MANIFOLD_SOLID_BREP('brep_1',#13);
#12=ADVANCED_BREP_SHAPE_REPRESENTATION('brep_rep_0',(#11,#1263),#1201);
#13=CLOSED_SHELL('',(#52,#53,#54,#55,#56,#57,#58,#59,#60,#61,#62,#63,#64,
#65,#66,#67,#68,#69,#70,#71,#72,#73,#74,#75,#76,#77,#78,#79,#80,#81,#82,
#83,#84,#85,#86,#87,#88,#89,#90,#91,#92,#93,#94,#95,#96,#97,#98,#99,#100,
#101,#102,#103,#104,#105,#106,#107,#108,#109,#110,#111,#112,#113,#114));
#14=FACE_BOUND('',#194,.T.);
#15=FACE_BOUND('',#195,.T.);
#16=FACE_BOUND('',#196,.T.);
#17=FACE_BOUND('',#197,.T.);
#18=FACE_BOUND('',#198,.T.);
#19=FACE_BOUND('',#199,.T.);
#20=FACE_BOUND('',#201,.T.);
#21=FACE_BOUND('',#202,.T.);
#22=FACE_BOUND('',#203,.T.);
#23=FACE_BOUND('',#204,.T.);
#24=FACE_BOUND('',#205,.T.);
#25=FACE_BOUND('',#206,.T.);
#26=FACE_BOUND('',#207,.T.);
#27=FACE_BOUND('',#209,.T.);
#28=FACE_BOUND('',#210,.T.);
#29=FACE_BOUND('',#211,.T.);
#30=FACE_BOUND('',#212,.T.);
#31=FACE_BOUND('',#213,.T.);
#32=FACE_BOUND('',#214,.T.);
#33=FACE_BOUND('',#218,.T.);
#34=FACE_BOUND('',#219,.T.);
#35=FACE_BOUND('',#220,.T.);
#36=FACE_BOUND('',#221,.T.);
#37=FACE_BOUND('',#222,.T.);
#38=FACE_BOUND('',#223,.T.);
#39=FACE_BOUND('',#225,.T.);
#40=FACE_BOUND('',#226,.T.);
#41=FACE_BOUND('',#227,.T.);
#42=FACE_BOUND('',#228,.T.);
#43=FACE_BOUND('',#229,.T.);
#44=FACE_BOUND('',#230,.T.);
#45=FACE_BOUND('',#231,.T.);
#46=FACE_BOUND('',#233,.T.);
#47=FACE_BOUND('',#234,.T.);
#48=FACE_BOUND('',#235,.T.);
#49=FACE_BOUND('',#236,.T.);
#50=FACE_BOUND('',#237,.T.);
#51=FACE_BOUND('',#238,.T.);
#52=ADVANCED_FACE('',(#115),#1069,.T.);
#53=ADVANCED_FACE('',(#116),#1057,.T.);
#54=ADVANCED_FACE('',(#117),#1055,.T.);
#55=ADVANCED_FACE('',(#118),#1070,.T.);
#56=ADVANCED_FACE('',(#119),#1058,.T.);
#57=ADVANCED_FACE('',(#120),#1071,.T.);
#58=ADVANCED_FACE('',(#121),#1059,.T.);
#59=ADVANCED_FACE('',(#122),#1053,.T.);
#60=ADVANCED_FACE('',(#123),#1060,.T.);
#61=ADVANCED_FACE('',(#124),#1054,.T.);
#62=ADVANCED_FACE('',(#125),#1061,.T.);
#63=ADVANCED_FACE('',(#126),#1072,.T.);
#64=ADVANCED_FACE('',(#127),#1062,.T.);
#65=ADVANCED_FACE('',(#128),#1073,.T.);
#66=ADVANCED_FACE('',(#129),#1056,.T.);
#67=ADVANCED_FACE('',(#130,#14,#15,#16,#17,#18,#19),#1063,.T.);
#68=ADVANCED_FACE('',(#131,#20,#21,#22,#23,#24,#25,#26),#1064,.T.);
#69=ADVANCED_FACE('',(#132,#27,#28,#29,#30,#31,#32),#1065,.T.);
#70=ADVANCED_FACE('',(#133),#1074,.T.);
#71=ADVANCED_FACE('',(#134),#1075,.T.);
#72=ADVANCED_FACE('',(#135,#33,#34,#35,#36,#37,#38),#1066,.T.);
#73=ADVANCED_FACE('',(#136,#39,#40,#41,#42,#43,#44,#45),#1067,.T.);
#74=ADVANCED_FACE('',(#137,#46,#47,#48,#49,#50,#51),#1068,.T.);
#75=ADVANCED_FACE('',(#138),#1076,.T.);
#76=ADVANCED_FACE('',(#139),#1077,.T.);
#77=ADVANCED_FACE('',(#140),#1078,.T.);
#78=ADVANCED_FACE('',(#141),#1079,.T.);
#79=ADVANCED_FACE('',(#142),#1080,.T.);
#80=ADVANCED_FACE('',(#143),#1081,.T.);
#81=ADVANCED_FACE('',(#144),#1082,.T.);
#82=ADVANCED_FACE('',(#145),#1083,.T.);
#83=ADVANCED_FACE('',(#146),#1084,.T.);
#84=ADVANCED_FACE('',(#147),#1085,.T.);
#85=ADVANCED_FACE('',(#148),#1086,.T.);
#86=ADVANCED_FACE('',(#149),#1087,.T.);
#87=ADVANCED_FACE('',(#150),#1088,.T.);
#88=ADVANCED_FACE('',(#151),#1089,.T.);
#89=ADVANCED_FACE('',(#152),#1090,.T.);
#90=ADVANCED_FACE('',(#153),#1091,.T.);
#91=ADVANCED_FACE('',(#154),#1092,.T.);
#92=ADVANCED_FACE('',(#155),#1093,.T.);
#93=ADVANCED_FACE('',(#156),#1094,.T.);
#94=ADVANCED_FACE('',(#157),#1095,.T.);
#95=ADVANCED_FACE('',(#158),#1096,.T.);
#96=ADVANCED_FACE('',(#159),#1097,.T.);
#97=ADVANCED_FACE('',(#160),#1098,.T.);
#98=ADVANCED_FACE('',(#161),#1099,.T.);
#99=ADVANCED_FACE('',(#162),#1100,.T.);
#100=ADVANCED_FACE('',(#163),#1101,.T.);
#101=ADVANCED_FACE('',(#164),#1102,.T.);
#102=ADVANCED_FACE('',(#165),#1103,.T.);
#103=ADVANCED_FACE('',(#166),#1104,.T.);
#104=ADVANCED_FACE('',(#167),#1105,.T.);
#105=ADVANCED_FACE('',(#168),#1106,.T.);
#106=ADVANCED_FACE('',(#169),#1107,.T.);
#107=ADVANCED_FACE('',(#170),#1108,.T.);
#108=ADVANCED_FACE('',(#171),#1109,.T.);
#109=ADVANCED_FACE('',(#172),#1110,.T.);
#110=ADVANCED_FACE('',(#173),#1111,.T.);
#111=ADVANCED_FACE('',(#174),#1112,.T.);
#112=ADVANCED_FACE('',(#175),#1113,.T.);
#113=ADVANCED_FACE('',(#176),#1114,.T.);
#114=ADVANCED_FACE('',(#177),#1115,.T.);
#115=FACE_OUTER_BOUND('',#178,.T.);
#116=FACE_OUTER_BOUND('',#179,.T.);
#117=FACE_OUTER_BOUND('',#180,.T.);
#118=FACE_OUTER_BOUND('',#181,.T.);
#119=FACE_OUTER_BOUND('',#182,.T.);
#120=FACE_OUTER_BOUND('',#183,.T.);
#121=FACE_OUTER_BOUND('',#184,.T.);
#122=FACE_OUTER_BOUND('',#185,.T.);
#123=FACE_OUTER_BOUND('',#186,.T.);
#124=FACE_OUTER_BOUND('',#187,.T.);
#125=FACE_OUTER_BOUND('',#188,.T.);
#126=FACE_OUTER_BOUND('',#189,.T.);
#127=FACE_OUTER_BOUND('',#190,.T.);
#128=FACE_OUTER_BOUND('',#191,.T.);
#129=FACE_OUTER_BOUND('',#192,.T.);
#130=FACE_OUTER_BOUND('',#193,.T.);
#131=FACE_OUTER_BOUND('',#200,.T.);
#132=FACE_OUTER_BOUND('',#208,.T.);
#133=FACE_OUTER_BOUND('',#215,.T.);
#134=FACE_OUTER_BOUND('',#216,.T.);
#135=FACE_OUTER_BOUND('',#217,.T.);
#136=FACE_OUTER_BOUND('',#224,.T.);
#137=FACE_OUTER_BOUND('',#232,.T.);
#138=FACE_OUTER_BOUND('',#239,.T.);
#139=FACE_OUTER_BOUND('',#240,.T.);
#140=FACE_OUTER_BOUND('',#241,.T.);
#141=FACE_OUTER_BOUND('',#242,.T.);
#142=FACE_OUTER_BOUND('',#243,.T.);
#143=FACE_OUTER_BOUND('',#244,.T.);
#144=FACE_OUTER_BOUND('',#245,.T.);
#145=FACE_OUTER_BOUND('',#246,.T.);
#146=FACE_OUTER_BOUND('',#247,.T.);
#147=FACE_OUTER_BOUND('',#248,.T.);
#148=FACE_OUTER_BOUND('',#249,.T.);
#149=FACE_OUTER_BOUND('',#250,.T.);
#150=FACE_OUTER_BOUND('',#251,.T.);
#151=FACE_OUTER_BOUND('',#252,.T.);
#152=FACE_OUTER_BOUND('',#253,.T.);
#153=FACE_OUTER_BOUND('',#254,.T.);
#154=FACE_OUTER_BOUND('',#255,.T.);
#155=FACE_OUTER_BOUND('',#256,.T.);
#156=FACE_OUTER_BOUND('',#257,.T.);
#157=FACE_OUTER_BOUND('',#258,.T.);
#158=FACE_OUTER_BOUND('',#259,.T.);
#159=FACE_OUTER_BOUND('',#260,.T.);
#160=FACE_OUTER_BOUND('',#261,.T.);
#161=FACE_OUTER_BOUND('',#262,.T.);
#162=FACE_OUTER_BOUND('',#263,.T.);
#163=FACE_OUTER_BOUND('',#264,.T.);
#164=FACE_OUTER_BOUND('',#265,.T.);
#165=FACE_OUTER_BOUND('',#266,.T.);
#166=FACE_OUTER_BOUND('',#267,.T.);
#167=FACE_OUTER_BOUND('',#268,.T.);
#168=FACE_OUTER_BOUND('',#269,.T.);
#169=FACE_OUTER_BOUND('',#270,.T.);
#170=FACE_OUTER_BOUND('',#271,.T.);
#171=FACE_OUTER_BOUND('',#272,.T.);
#172=FACE_OUTER_BOUND('',#273,.T.);
#173=FACE_OUTER_BOUND('',#274,.T.);
#174=FACE_OUTER_BOUND('',#275,.T.);
#175=FACE_OUTER_BOUND('',#276,.T.);
#176=FACE_OUTER_BOUND('',#277,.T.);
#177=FACE_OUTER_BOUND('',#278,.T.);
#178=EDGE_LOOP('',(#279,#280,#281,#282));
#179=EDGE_LOOP('',(#283,#284,#285,#286));
#180=EDGE_LOOP('',(#287,#288,#289,#290));
#181=EDGE_LOOP('',(#291,#292,#293,#294));
#182=EDGE_LOOP('',(#295,#296,#297,#298));
#183=EDGE_LOOP('',(#299,#300,#301,#302));
#184=EDGE_LOOP('',(#303,#304,#305,#306));
#185=EDGE_LOOP('',(#307,#308,#309,#310));
#186=EDGE_LOOP('',(#311,#312,#313,#314));
#187=EDGE_LOOP('',(#315,#316,#317,#318));
#188=EDGE_LOOP('',(#319,#320,#321,#322));
#189=EDGE_LOOP('',(#323,#324,#325,#326));
#190=EDGE_LOOP('',(#327,#328,#329,#330));
#191=EDGE_LOOP('',(#331,#332,#333,#334));
#192=EDGE_LOOP('',(#335,#336,#337,#338));
#193=EDGE_LOOP('',(#339,#340,#341,#342,#343,#344));
#194=EDGE_LOOP('',(#345,#346));
#195=EDGE_LOOP('',(#347,#348));
#196=EDGE_LOOP('',(#349,#350));
#197=EDGE_LOOP('',(#351,#352));
#198=EDGE_LOOP('',(#353,#354));
#199=EDGE_LOOP('',(#355,#356));
#200=EDGE_LOOP('',(#357,#358,#359,#360));
#201=EDGE_LOOP('',(#361,#362));
#202=EDGE_LOOP('',(#363,#364));
#203=EDGE_LOOP('',(#365,#366));
#204=EDGE_LOOP('',(#367,#368));
#205=EDGE_LOOP('',(#369,#370));
#206=EDGE_LOOP('',(#371,#372));
#207=EDGE_LOOP('',(#373,#374));
#208=EDGE_LOOP('',(#375,#376,#377,#378,#379));
#209=EDGE_LOOP('',(#380,#381));
#210=EDGE_LOOP('',(#382,#383));
#211=EDGE_LOOP('',(#384,#385));
#212=EDGE_LOOP('',(#386,#387));
#213=EDGE_LOOP('',(#388,#389));
#214=EDGE_LOOP('',(#390,#391));
#215=EDGE_LOOP('',(#392,#393,#394,#395));
#216=EDGE_LOOP('',(#396,#397,#398,#399));
#217=EDGE_LOOP('',(#400,#401,#402,#403,#404,#405));
#218=EDGE_LOOP('',(#406,#407));
#219=EDGE_LOOP('',(#408,#409));
#220=EDGE_LOOP('',(#410,#411));
#221=EDGE_LOOP('',(#412,#413));
#222=EDGE_LOOP('',(#414,#415));
#223=EDGE_LOOP('',(#416,#417));
#224=EDGE_LOOP('',(#418,#419,#420,#421));
#225=EDGE_LOOP('',(#422,#423));
#226=EDGE_LOOP('',(#424,#425));
#227=EDGE_LOOP('',(#426,#427));
#228=EDGE_LOOP('',(#428,#429));
#229=EDGE_LOOP('',(#430,#431));
#230=EDGE_LOOP('',(#432,#433));
#231=EDGE_LOOP('',(#434,#435));
#232=EDGE_LOOP('',(#436,#437,#438,#439,#440));
#233=EDGE_LOOP('',(#441,#442));
#234=EDGE_LOOP('',(#443,#444));
#235=EDGE_LOOP('',(#445,#446));
#236=EDGE_LOOP('',(#447,#448));
#237=EDGE_LOOP('',(#449,#450));
#238=EDGE_LOOP('',(#451,#452));
#239=EDGE_LOOP('',(#453,#454,#455,#456));
#240=EDGE_LOOP('',(#457,#458,#459,#460));
#241=EDGE_LOOP('',(#461,#462,#463,#464));
#242=EDGE_LOOP('',(#465,#466,#467,#468));
#243=EDGE_LOOP('',(#469,#470,#471,#472));
#244=EDGE_LOOP('',(#473,#474,#475,#476));
#245=EDGE_LOOP('',(#477,#478,#479,#480));
#246=EDGE_LOOP('',(#481,#482,#483,#484));
#247=EDGE_LOOP('',(#485,#486,#487,#488));
#248=EDGE_LOOP('',(#489,#490,#491,#492));
#249=EDGE_LOOP('',(#493,#494,#495,#496));
#250=EDGE_LOOP('',(#497,#498,#499,#500));
#251=EDGE_LOOP('',(#501,#502,#503,#504));
#252=EDGE_LOOP('',(#505,#506,#507,#508));
#253=EDGE_LOOP('',(#509,#510,#511,#512));
#254=EDGE_LOOP('',(#513,#514,#515,#516));
#255=EDGE_LOOP('',(#517,#518,#519,#520));
#256=EDGE_LOOP('',(#521,#522,#523,#524));
#257=EDGE_LOOP('',(#525,#526,#527,#528));
#258=EDGE_LOOP('',(#529,#530,#531,#532));
#259=EDGE_LOOP('',(#533,#534,#535,#536));
#260=EDGE_LOOP('',(#537,#538,#539,#540));
#261=EDGE_LOOP('',(#541,#542,#543,#544));
#262=EDGE_LOOP('',(#545,#546,#547,#548));
#263=EDGE_LOOP('',(#549,#550,#551,#552));
#264=EDGE_LOOP('',(#553,#554,#555,#556));
#265=EDGE_LOOP('',(#557,#558,#559,#560));
#266=EDGE_LOOP('',(#561,#562,#563,#564));
#267=EDGE_LOOP('',(#565,#566,#567,#568));
#268=EDGE_LOOP('',(#569,#570,#571,#572));
#269=EDGE_LOOP('',(#573,#574,#575,#576));
#270=EDGE_LOOP('',(#577,#578,#579,#580));
#271=EDGE_LOOP('',(#581,#582,#583,#584));
#272=EDGE_LOOP('',(#585,#586,#587,#588));
#273=EDGE_LOOP('',(#589,#590,#591,#592));
#274=EDGE_LOOP('',(#593,#594,#595,#596));
#275=EDGE_LOOP('',(#597,#598,#599,#600));
#276=EDGE_LOOP('',(#601,#602,#603,#604));
#277=EDGE_LOOP('',(#605,#606,#607,#608));
#278=EDGE_LOOP('',(#609,#610,#611,#612));
#279=ORIENTED_EDGE('',*,*,#613,.T.);
#280=ORIENTED_EDGE('',*,*,#614,.T.);
#281=ORIENTED_EDGE('',*,*,#615,.T.);
#282=ORIENTED_EDGE('',*,*,#616,.T.);
#283=ORIENTED_EDGE('',*,*,#618,.F.);
#284=ORIENTED_EDGE('',*,*,#619,.F.);
#285=ORIENTED_EDGE('',*,*,#620,.F.);
#286=ORIENTED_EDGE('',*,*,#617,.F.);
#287=ORIENTED_EDGE('',*,*,#621,.F.);
#288=ORIENTED_EDGE('',*,*,#622,.F.);
#289=ORIENTED_EDGE('',*,*,#623,.F.);
#290=ORIENTED_EDGE('',*,*,#619,.T.);
#291=ORIENTED_EDGE('',*,*,#622,.T.);
#292=ORIENTED_EDGE('',*,*,#624,.T.);
#293=ORIENTED_EDGE('',*,*,#625,.T.);
#294=ORIENTED_EDGE('',*,*,#626,.T.);
#295=ORIENTED_EDGE('',*,*,#625,.F.);
#296=ORIENTED_EDGE('',*,*,#627,.T.);
#297=ORIENTED_EDGE('',*,*,#628,.T.);
#298=ORIENTED_EDGE('',*,*,#629,.T.);
#299=ORIENTED_EDGE('',*,*,#628,.F.);
#300=ORIENTED_EDGE('',*,*,#630,.T.);
#301=ORIENTED_EDGE('',*,*,#631,.T.);
#302=ORIENTED_EDGE('',*,*,#632,.T.);
#303=ORIENTED_EDGE('',*,*,#631,.F.);
#304=ORIENTED_EDGE('',*,*,#633,.T.);
#305=ORIENTED_EDGE('',*,*,#634,.T.);
#306=ORIENTED_EDGE('',*,*,#635,.T.);
#307=ORIENTED_EDGE('',*,*,#634,.F.);
#308=ORIENTED_EDGE('',*,*,#636,.T.);
#309=ORIENTED_EDGE('',*,*,#638,.T.);
#310=ORIENTED_EDGE('',*,*,#637,.T.);
#311=ORIENTED_EDGE('',*,*,#639,.F.);
#312=ORIENTED_EDGE('',*,*,#640,.F.);
#313=ORIENTED_EDGE('',*,*,#641,.F.);
#314=ORIENTED_EDGE('',*,*,#638,.F.);
#315=ORIENTED_EDGE('',*,*,#642,.F.);
#316=ORIENTED_EDGE('',*,*,#643,.F.);
#317=ORIENTED_EDGE('',*,*,#644,.F.);
#318=ORIENTED_EDGE('',*,*,#640,.T.);
#319=ORIENTED_EDGE('',*,*,#645,.F.);
#320=ORIENTED_EDGE('',*,*,#616,.F.);
#321=ORIENTED_EDGE('',*,*,#646,.F.);
#322=ORIENTED_EDGE('',*,*,#643,.T.);
#323=ORIENTED_EDGE('',*,*,#614,.F.);
#324=ORIENTED_EDGE('',*,*,#647,.T.);
#325=ORIENTED_EDGE('',*,*,#648,.T.);
#326=ORIENTED_EDGE('',*,*,#649,.T.);
#327=ORIENTED_EDGE('',*,*,#650,.F.);
#328=ORIENTED_EDGE('',*,*,#651,.F.);
#329=ORIENTED_EDGE('',*,*,#652,.F.);
#330=ORIENTED_EDGE('',*,*,#648,.F.);
#331=ORIENTED_EDGE('',*,*,#651,.T.);
#332=ORIENTED_EDGE('',*,*,#653,.T.);
#333=ORIENTED_EDGE('',*,*,#654,.T.);
#334=ORIENTED_EDGE('',*,*,#655,.T.);
#335=ORIENTED_EDGE('',*,*,#617,.T.);
#336=ORIENTED_EDGE('',*,*,#657,.F.);
#337=ORIENTED_EDGE('',*,*,#654,.F.);
#338=ORIENTED_EDGE('',*,*,#656,.F.);
#339=ORIENTED_EDGE('',*,*,#655,.F.);
#340=ORIENTED_EDGE('',*,*,#658,.T.);
#341=ORIENTED_EDGE('',*,*,#646,.T.);
#342=ORIENTED_EDGE('',*,*,#615,.F.);
#343=ORIENTED_EDGE('',*,*,#649,.F.);
#344=ORIENTED_EDGE('',*,*,#652,.T.);
#345=ORIENTED_EDGE('',*,*,#666,.T.);
#346=ORIENTED_EDGE('',*,*,#724,.T.);
#347=ORIENTED_EDGE('',*,*,#672,.T.);
#348=ORIENTED_EDGE('',*,*,#730,.T.);
#349=ORIENTED_EDGE('',*,*,#678,.T.);
#350=ORIENTED_EDGE('',*,*,#736,.T.);
#351=ORIENTED_EDGE('',*,*,#684,.T.);
#352=ORIENTED_EDGE('',*,*,#742,.T.);
#353=ORIENTED_EDGE('',*,*,#690,.T.);
#354=ORIENTED_EDGE('',*,*,#748,.T.);
#355=ORIENTED_EDGE('',*,*,#719,.T.);
#356=ORIENTED_EDGE('',*,*,#775,.T.);
#357=ORIENTED_EDGE('',*,*,#620,.T.);
#358=ORIENTED_EDGE('',*,*,#659,.T.);
#359=ORIENTED_EDGE('',*,*,#641,.T.);
#360=ORIENTED_EDGE('',*,*,#660,.T.);
#361=ORIENTED_EDGE('',*,*,#696,.T.);
#362=ORIENTED_EDGE('',*,*,#754,.T.);
#363=ORIENTED_EDGE('',*,*,#699,.T.);
#364=ORIENTED_EDGE('',*,*,#757,.T.);
#365=ORIENTED_EDGE('',*,*,#702,.T.);
#366=ORIENTED_EDGE('',*,*,#760,.T.);
#367=ORIENTED_EDGE('',*,*,#705,.T.);
#368=ORIENTED_EDGE('',*,*,#763,.T.);
#369=ORIENTED_EDGE('',*,*,#708,.T.);
#370=ORIENTED_EDGE('',*,*,#766,.T.);
#371=ORIENTED_EDGE('',*,*,#711,.T.);
#372=ORIENTED_EDGE('',*,*,#769,.T.);
#373=ORIENTED_EDGE('',*,*,#714,.T.);
#374=ORIENTED_EDGE('',*,*,#772,.T.);
#375=ORIENTED_EDGE('',*,*,#635,.F.);
#376=ORIENTED_EDGE('',*,*,#661,.T.);
#377=ORIENTED_EDGE('',*,*,#626,.F.);
#378=ORIENTED_EDGE('',*,*,#629,.F.);
#379=ORIENTED_EDGE('',*,*,#632,.F.);
#380=ORIENTED_EDGE('',*,*,#667,.T.);
#381=ORIENTED_EDGE('',*,*,#727,.T.);
#382=ORIENTED_EDGE('',*,*,#673,.T.);
#383=ORIENTED_EDGE('',*,*,#733,.T.);
#384=ORIENTED_EDGE('',*,*,#679,.T.);
#385=ORIENTED_EDGE('',*,*,#739,.T.);
#386=ORIENTED_EDGE('',*,*,#685,.T.);
#387=ORIENTED_EDGE('',*,*,#745,.T.);
#388=ORIENTED_EDGE('',*,*,#691,.T.);
#389=ORIENTED_EDGE('',*,*,#751,.T.);
#390=ORIENTED_EDGE('',*,*,#717,.T.);
#391=ORIENTED_EDGE('',*,*,#778,.T.);
#392=ORIENTED_EDGE('',*,*,#657,.T.);
#393=ORIENTED_EDGE('',*,*,#660,.F.);
#394=ORIENTED_EDGE('',*,*,#644,.T.);
#395=ORIENTED_EDGE('',*,*,#658,.F.);
#396=ORIENTED_EDGE('',*,*,#637,.F.);
#397=ORIENTED_EDGE('',*,*,#659,.F.);
#398=ORIENTED_EDGE('',*,*,#623,.T.);
#399=ORIENTED_EDGE('',*,*,#661,.F.);
#400=ORIENTED_EDGE('',*,*,#650,.T.);
#401=ORIENTED_EDGE('',*,*,#647,.F.);
#402=ORIENTED_EDGE('',*,*,#613,.F.);
#403=ORIENTED_EDGE('',*,*,#645,.T.);
#404=ORIENTED_EDGE('',*,*,#662,.F.);
#405=ORIENTED_EDGE('',*,*,#653,.F.);
#406=ORIENTED_EDGE('',*,*,#725,.F.);
#407=ORIENTED_EDGE('',*,*,#668,.F.);
#408=ORIENTED_EDGE('',*,*,#731,.F.);
#409=ORIENTED_EDGE('',*,*,#674,.F.);
#410=ORIENTED_EDGE('',*,*,#737,.F.);
#411=ORIENTED_EDGE('',*,*,#680,.F.);
#412=ORIENTED_EDGE('',*,*,#743,.F.);
#413=ORIENTED_EDGE('',*,*,#686,.F.);
#414=ORIENTED_EDGE('',*,*,#749,.F.);
#415=ORIENTED_EDGE('',*,*,#692,.F.);
#416=ORIENTED_EDGE('',*,*,#776,.F.);
#417=ORIENTED_EDGE('',*,*,#720,.F.);
#418=ORIENTED_EDGE('',*,*,#663,.F.);
#419=ORIENTED_EDGE('',*,*,#639,.T.);
#420=ORIENTED_EDGE('',*,*,#664,.F.);
#421=ORIENTED_EDGE('',*,*,#618,.T.);
#422=ORIENTED_EDGE('',*,*,#755,.F.);
#423=ORIENTED_EDGE('',*,*,#697,.F.);
#424=ORIENTED_EDGE('',*,*,#758,.F.);
#425=ORIENTED_EDGE('',*,*,#700,.F.);
#426=ORIENTED_EDGE('',*,*,#761,.F.);
#427=ORIENTED_EDGE('',*,*,#703,.F.);
#428=ORIENTED_EDGE('',*,*,#764,.F.);
#429=ORIENTED_EDGE('',*,*,#706,.F.);
#430=ORIENTED_EDGE('',*,*,#767,.F.);
#431=ORIENTED_EDGE('',*,*,#709,.F.);
#432=ORIENTED_EDGE('',*,*,#770,.F.);
#433=ORIENTED_EDGE('',*,*,#712,.F.);
#434=ORIENTED_EDGE('',*,*,#773,.F.);
#435=ORIENTED_EDGE('',*,*,#715,.F.);
#436=ORIENTED_EDGE('',*,*,#630,.F.);
#437=ORIENTED_EDGE('',*,*,#627,.F.);
#438=ORIENTED_EDGE('',*,*,#624,.F.);
#439=ORIENTED_EDGE('',*,*,#665,.F.);
#440=ORIENTED_EDGE('',*,*,#633,.F.);
#441=ORIENTED_EDGE('',*,*,#728,.F.);
#442=ORIENTED_EDGE('',*,*,#669,.F.);
#443=ORIENTED_EDGE('',*,*,#734,.F.);
#444=ORIENTED_EDGE('',*,*,#675,.F.);
#445=ORIENTED_EDGE('',*,*,#740,.F.);
#446=ORIENTED_EDGE('',*,*,#681,.F.);
#447=ORIENTED_EDGE('',*,*,#746,.F.);
#448=ORIENTED_EDGE('',*,*,#687,.F.);
#449=ORIENTED_EDGE('',*,*,#752,.F.);
#450=ORIENTED_EDGE('',*,*,#693,.F.);
#451=ORIENTED_EDGE('',*,*,#779,.F.);
#452=ORIENTED_EDGE('',*,*,#721,.F.);
#453=ORIENTED_EDGE('',*,*,#662,.T.);
#454=ORIENTED_EDGE('',*,*,#642,.T.);
#455=ORIENTED_EDGE('',*,*,#663,.T.);
#456=ORIENTED_EDGE('',*,*,#656,.T.);
#457=ORIENTED_EDGE('',*,*,#665,.T.);
#458=ORIENTED_EDGE('',*,*,#621,.T.);
#459=ORIENTED_EDGE('',*,*,#664,.T.);
#460=ORIENTED_EDGE('',*,*,#636,.F.);
#461=ORIENTED_EDGE('',*,*,#666,.F.);
#462=ORIENTED_EDGE('',*,*,#671,.T.);
#463=ORIENTED_EDGE('',*,*,#668,.T.);
#464=ORIENTED_EDGE('',*,*,#723,.F.);
#465=ORIENTED_EDGE('',*,*,#728,.T.);
#466=ORIENTED_EDGE('',*,*,#670,.T.);
#467=ORIENTED_EDGE('',*,*,#727,.F.);
#468=ORIENTED_EDGE('',*,*,#726,.F.);
#469=ORIENTED_EDGE('',*,*,#672,.F.);
#470=ORIENTED_EDGE('',*,*,#677,.T.);
#471=ORIENTED_EDGE('',*,*,#674,.T.);
#472=ORIENTED_EDGE('',*,*,#729,.F.);
#473=ORIENTED_EDGE('',*,*,#734,.T.);
#474=ORIENTED_EDGE('',*,*,#676,.T.);
#475=ORIENTED_EDGE('',*,*,#733,.F.);
#476=ORIENTED_EDGE('',*,*,#732,.F.);
#477=ORIENTED_EDGE('',*,*,#678,.F.);
#478=ORIENTED_EDGE('',*,*,#683,.T.);
#479=ORIENTED_EDGE('',*,*,#680,.T.);
#480=ORIENTED_EDGE('',*,*,#735,.F.);
#481=ORIENTED_EDGE('',*,*,#740,.T.);
#482=ORIENTED_EDGE('',*,*,#682,.T.);
#483=ORIENTED_EDGE('',*,*,#739,.F.);
#484=ORIENTED_EDGE('',*,*,#738,.F.);
#485=ORIENTED_EDGE('',*,*,#684,.F.);
#486=ORIENTED_EDGE('',*,*,#689,.T.);
#487=ORIENTED_EDGE('',*,*,#686,.T.);
#488=ORIENTED_EDGE('',*,*,#741,.F.);
#489=ORIENTED_EDGE('',*,*,#746,.T.);
#490=ORIENTED_EDGE('',*,*,#688,.T.);
#491=ORIENTED_EDGE('',*,*,#745,.F.);
#492=ORIENTED_EDGE('',*,*,#744,.F.);
#493=ORIENTED_EDGE('',*,*,#690,.F.);
#494=ORIENTED_EDGE('',*,*,#695,.T.);
#495=ORIENTED_EDGE('',*,*,#692,.T.);
#496=ORIENTED_EDGE('',*,*,#747,.F.);
#497=ORIENTED_EDGE('',*,*,#752,.T.);
#498=ORIENTED_EDGE('',*,*,#694,.T.);
#499=ORIENTED_EDGE('',*,*,#751,.F.);
#500=ORIENTED_EDGE('',*,*,#750,.F.);
#501=ORIENTED_EDGE('',*,*,#696,.F.);
#502=ORIENTED_EDGE('',*,*,#698,.T.);
#503=ORIENTED_EDGE('',*,*,#697,.T.);
#504=ORIENTED_EDGE('',*,*,#753,.F.);
#505=ORIENTED_EDGE('',*,*,#699,.F.);
#506=ORIENTED_EDGE('',*,*,#701,.T.);
#507=ORIENTED_EDGE('',*,*,#700,.T.);
#508=ORIENTED_EDGE('',*,*,#756,.F.);
#509=ORIENTED_EDGE('',*,*,#702,.F.);
#510=ORIENTED_EDGE('',*,*,#704,.T.);
#511=ORIENTED_EDGE('',*,*,#703,.T.);
#512=ORIENTED_EDGE('',*,*,#759,.F.);
#513=ORIENTED_EDGE('',*,*,#705,.F.);
#514=ORIENTED_EDGE('',*,*,#707,.T.);
#515=ORIENTED_EDGE('',*,*,#706,.T.);
#516=ORIENTED_EDGE('',*,*,#762,.F.);
#517=ORIENTED_EDGE('',*,*,#708,.F.);
#518=ORIENTED_EDGE('',*,*,#710,.T.);
#519=ORIENTED_EDGE('',*,*,#709,.T.);
#520=ORIENTED_EDGE('',*,*,#765,.F.);
#521=ORIENTED_EDGE('',*,*,#770,.T.);
#522=ORIENTED_EDGE('',*,*,#713,.T.);
#523=ORIENTED_EDGE('',*,*,#769,.F.);
#524=ORIENTED_EDGE('',*,*,#768,.F.);
#525=ORIENTED_EDGE('',*,*,#773,.T.);
#526=ORIENTED_EDGE('',*,*,#716,.T.);
#527=ORIENTED_EDGE('',*,*,#772,.F.);
#528=ORIENTED_EDGE('',*,*,#771,.F.);
#529=ORIENTED_EDGE('',*,*,#776,.T.);
#530=ORIENTED_EDGE('',*,*,#722,.T.);
#531=ORIENTED_EDGE('',*,*,#775,.F.);
#532=ORIENTED_EDGE('',*,*,#774,.F.);
#533=ORIENTED_EDGE('',*,*,#717,.F.);
#534=ORIENTED_EDGE('',*,*,#718,.T.);
#535=ORIENTED_EDGE('',*,*,#721,.T.);
#536=ORIENTED_EDGE('',*,*,#777,.F.);
#537=ORIENTED_EDGE('',*,*,#723,.T.);
#538=ORIENTED_EDGE('',*,*,#725,.T.);
#539=ORIENTED_EDGE('',*,*,#671,.F.);
#540=ORIENTED_EDGE('',*,*,#724,.F.);
#541=ORIENTED_EDGE('',*,*,#726,.T.);
#542=ORIENTED_EDGE('',*,*,#667,.F.);
#543=ORIENTED_EDGE('',*,*,#670,.F.);
#544=ORIENTED_EDGE('',*,*,#669,.T.);
#545=ORIENTED_EDGE('',*,*,#729,.T.);
#546=ORIENTED_EDGE('',*,*,#731,.T.);
#547=ORIENTED_EDGE('',*,*,#677,.F.);
#548=ORIENTED_EDGE('',*,*,#730,.F.);
#549=ORIENTED_EDGE('',*,*,#732,.T.);
#550=ORIENTED_EDGE('',*,*,#673,.F.);
#551=ORIENTED_EDGE('',*,*,#676,.F.);
#552=ORIENTED_EDGE('',*,*,#675,.T.);
#553=ORIENTED_EDGE('',*,*,#735,.T.);
#554=ORIENTED_EDGE('',*,*,#737,.T.);
#555=ORIENTED_EDGE('',*,*,#683,.F.);
#556=ORIENTED_EDGE('',*,*,#736,.F.);
#557=ORIENTED_EDGE('',*,*,#738,.T.);
#558=ORIENTED_EDGE('',*,*,#679,.F.);
#559=ORIENTED_EDGE('',*,*,#682,.F.);
#560=ORIENTED_EDGE('',*,*,#681,.T.);
#561=ORIENTED_EDGE('',*,*,#741,.T.);
#562=ORIENTED_EDGE('',*,*,#743,.T.);
#563=ORIENTED_EDGE('',*,*,#689,.F.);
#564=ORIENTED_EDGE('',*,*,#742,.F.);
#565=ORIENTED_EDGE('',*,*,#744,.T.);
#566=ORIENTED_EDGE('',*,*,#685,.F.);
#567=ORIENTED_EDGE('',*,*,#688,.F.);
#568=ORIENTED_EDGE('',*,*,#687,.T.);
#569=ORIENTED_EDGE('',*,*,#747,.T.);
#570=ORIENTED_EDGE('',*,*,#749,.T.);
#571=ORIENTED_EDGE('',*,*,#695,.F.);
#572=ORIENTED_EDGE('',*,*,#748,.F.);
#573=ORIENTED_EDGE('',*,*,#750,.T.);
#574=ORIENTED_EDGE('',*,*,#691,.F.);
#575=ORIENTED_EDGE('',*,*,#694,.F.);
#576=ORIENTED_EDGE('',*,*,#693,.T.);
#577=ORIENTED_EDGE('',*,*,#753,.T.);
#578=ORIENTED_EDGE('',*,*,#755,.T.);
#579=ORIENTED_EDGE('',*,*,#698,.F.);
#580=ORIENTED_EDGE('',*,*,#754,.F.);
#581=ORIENTED_EDGE('',*,*,#756,.T.);
#582=ORIENTED_EDGE('',*,*,#758,.T.);
#583=ORIENTED_EDGE('',*,*,#701,.F.);
#584=ORIENTED_EDGE('',*,*,#757,.F.);
#585=ORIENTED_EDGE('',*,*,#759,.T.);
#586=ORIENTED_EDGE('',*,*,#761,.T.);
#587=ORIENTED_EDGE('',*,*,#704,.F.);
#588=ORIENTED_EDGE('',*,*,#760,.F.);
#589=ORIENTED_EDGE('',*,*,#762,.T.);
#590=ORIENTED_EDGE('',*,*,#764,.T.);
#591=ORIENTED_EDGE('',*,*,#707,.F.);
#592=ORIENTED_EDGE('',*,*,#763,.F.);
#593=ORIENTED_EDGE('',*,*,#765,.T.);
#594=ORIENTED_EDGE('',*,*,#767,.T.);
#595=ORIENTED_EDGE('',*,*,#710,.F.);
#596=ORIENTED_EDGE('',*,*,#766,.F.);
#597=ORIENTED_EDGE('',*,*,#768,.T.);
#598=ORIENTED_EDGE('',*,*,#711,.F.);
#599=ORIENTED_EDGE('',*,*,#713,.F.);
#600=ORIENTED_EDGE('',*,*,#712,.T.);
#601=ORIENTED_EDGE('',*,*,#771,.T.);
#602=ORIENTED_EDGE('',*,*,#714,.F.);
#603=ORIENTED_EDGE('',*,*,#716,.F.);
#604=ORIENTED_EDGE('',*,*,#715,.T.);
#605=ORIENTED_EDGE('',*,*,#774,.T.);
#606=ORIENTED_EDGE('',*,*,#719,.F.);
#607=ORIENTED_EDGE('',*,*,#722,.F.);
#608=ORIENTED_EDGE('',*,*,#720,.T.);
#609=ORIENTED_EDGE('',*,*,#777,.T.);
#610=ORIENTED_EDGE('',*,*,#779,.T.);
#611=ORIENTED_EDGE('',*,*,#718,.F.);
#612=ORIENTED_EDGE('',*,*,#778,.F.);
#613=EDGE_CURVE('',#947,#948,#819,.T.);
#614=EDGE_CURVE('',#948,#949,#780,.T.);
#615=EDGE_CURVE('',#949,#950,#820,.T.);
#616=EDGE_CURVE('',#950,#947,#781,.T.);
#617=EDGE_CURVE('',#951,#952,#782,.T.);
#618=EDGE_CURVE('',#953,#951,#783,.T.);
#619=EDGE_CURVE('',#954,#953,#784,.T.);
#620=EDGE_CURVE('',#952,#954,#785,.T.);
#621=EDGE_CURVE('',#955,#953,#786,.T.);
#622=EDGE_CURVE('',#956,#955,#787,.T.);
#623=EDGE_CURVE('',#954,#956,#788,.T.);
#624=EDGE_CURVE('',#955,#957,#821,.T.);
#625=EDGE_CURVE('',#957,#958,#789,.T.);
#626=EDGE_CURVE('',#958,#956,#822,.T.);
#627=EDGE_CURVE('',#957,#959,#790,.T.);
#628=EDGE_CURVE('',#959,#960,#791,.T.);
#629=EDGE_CURVE('',#960,#958,#792,.T.);
#630=EDGE_CURVE('',#959,#961,#823,.T.);
#631=EDGE_CURVE('',#961,#962,#793,.T.);
#632=EDGE_CURVE('',#962,#960,#824,.T.);
#633=EDGE_CURVE('',#961,#963,#794,.T.);
#634=EDGE_CURVE('',#963,#964,#795,.T.);
#635=EDGE_CURVE('',#964,#962,#796,.T.);
#636=EDGE_CURVE('',#963,#965,#825,.T.);
#637=EDGE_CURVE('',#966,#964,#826,.T.);
#638=EDGE_CURVE('',#965,#966,#797,.T.);
#639=EDGE_CURVE('',#967,#965,#798,.T.);
#640=EDGE_CURVE('',#968,#967,#799,.T.);
#641=EDGE_CURVE('',#966,#968,#800,.T.);
#642=EDGE_CURVE('',#969,#967,#827,.T.);
#643=EDGE_CURVE('',#970,#969,#801,.T.);
#644=EDGE_CURVE('',#968,#970,#828,.T.);
#645=EDGE_CURVE('',#947,#969,#802,.T.);
#646=EDGE_CURVE('',#970,#950,#803,.T.);
#647=EDGE_CURVE('',#948,#971,#829,.T.);
#648=EDGE_CURVE('',#971,#972,#804,.T.);
#649=EDGE_CURVE('',#972,#949,#830,.T.);
#650=EDGE_CURVE('',#973,#971,#805,.T.);
#651=EDGE_CURVE('',#974,#973,#806,.T.);
#652=EDGE_CURVE('',#972,#974,#807,.T.);
#653=EDGE_CURVE('',#973,#975,#831,.T.);
#654=EDGE_CURVE('',#975,#976,#808,.T.);
#655=EDGE_CURVE('',#976,#974,#832,.T.);
#656=EDGE_CURVE('',#951,#975,#809,.T.);
#657=EDGE_CURVE('',#976,#952,#810,.T.);
#658=EDGE_CURVE('',#976,#970,#811,.T.);
#659=EDGE_CURVE('',#954,#966,#812,.T.);
#660=EDGE_CURVE('',#968,#952,#813,.T.);
#661=EDGE_CURVE('',#964,#956,#814,.T.);
#662=EDGE_CURVE('',#975,#969,#815,.T.);
#663=EDGE_CURVE('',#967,#951,#816,.T.);
#664=EDGE_CURVE('',#953,#965,#817,.T.);
#665=EDGE_CURVE('',#963,#955,#818,.T.);
#666=EDGE_CURVE('',#977,#1015,#833,.T.);
#667=EDGE_CURVE('',#978,#1018,#834,.T.);
#668=EDGE_CURVE('',#979,#1016,#835,.T.);
#669=EDGE_CURVE('',#980,#1017,#836,.T.);
#670=EDGE_CURVE('',#980,#978,#837,.T.);
#671=EDGE_CURVE('',#977,#979,#838,.T.);
#672=EDGE_CURVE('',#981,#1019,#839,.T.);
#673=EDGE_CURVE('',#982,#1022,#840,.T.);
#674=EDGE_CURVE('',#983,#1020,#841,.T.);
#675=EDGE_CURVE('',#984,#1021,#842,.T.);
#676=EDGE_CURVE('',#984,#982,#843,.T.);
#677=EDGE_CURVE('',#981,#983,#844,.T.);
#678=EDGE_CURVE('',#985,#1023,#845,.T.);
#679=EDGE_CURVE('',#986,#1026,#846,.T.);
#680=EDGE_CURVE('',#987,#1024,#847,.T.);
#681=EDGE_CURVE('',#988,#1025,#848,.T.);
#682=EDGE_CURVE('',#988,#986,#849,.T.);
#683=EDGE_CURVE('',#985,#987,#850,.T.);
#684=EDGE_CURVE('',#989,#1027,#851,.T.);
#685=EDGE_CURVE('',#990,#1030,#852,.T.);
#686=EDGE_CURVE('',#991,#1028,#853,.T.);
#687=EDGE_CURVE('',#992,#1029,#854,.T.);
#688=EDGE_CURVE('',#992,#990,#855,.T.);
#689=EDGE_CURVE('',#989,#991,#856,.T.);
#690=EDGE_CURVE('',#993,#1031,#857,.T.);
#691=EDGE_CURVE('',#994,#1034,#858,.T.);
#692=EDGE_CURVE('',#995,#1032,#859,.T.);
#693=EDGE_CURVE('',#996,#1033,#860,.T.);
#694=EDGE_CURVE('',#996,#994,#861,.T.);
#695=EDGE_CURVE('',#993,#995,#862,.T.);
#696=EDGE_CURVE('',#997,#1035,#863,.T.);
#697=EDGE_CURVE('',#998,#1036,#864,.T.);
#698=EDGE_CURVE('',#997,#998,#865,.T.);
#699=EDGE_CURVE('',#999,#1037,#866,.T.);
#700=EDGE_CURVE('',#1000,#1038,#867,.T.);
#701=EDGE_CURVE('',#999,#1000,#868,.T.);
#702=EDGE_CURVE('',#1001,#1039,#869,.T.);
#703=EDGE_CURVE('',#1002,#1040,#870,.T.);
#704=EDGE_CURVE('',#1001,#1002,#871,.T.);
#705=EDGE_CURVE('',#1003,#1041,#872,.T.);
#706=EDGE_CURVE('',#1004,#1042,#873,.T.);
#707=EDGE_CURVE('',#1003,#1004,#874,.T.);
#708=EDGE_CURVE('',#1005,#1043,#875,.T.);
#709=EDGE_CURVE('',#1006,#1044,#876,.T.);
#710=EDGE_CURVE('',#1005,#1006,#877,.T.);
#711=EDGE_CURVE('',#1007,#1046,#878,.T.);
#712=EDGE_CURVE('',#1008,#1045,#879,.T.);
#713=EDGE_CURVE('',#1008,#1007,#880,.T.);
#714=EDGE_CURVE('',#1009,#1048,#881,.T.);
#715=EDGE_CURVE('',#1010,#1047,#882,.T.);
#716=EDGE_CURVE('',#1010,#1009,#883,.T.);
#717=EDGE_CURVE('',#1012,#1051,#884,.T.);
#718=EDGE_CURVE('',#1012,#1014,#885,.T.);
#719=EDGE_CURVE('',#1011,#1050,#886,.T.);
#720=EDGE_CURVE('',#1013,#1049,#887,.T.);
#721=EDGE_CURVE('',#1014,#1052,#888,.T.);
#722=EDGE_CURVE('',#1013,#1011,#889,.T.);
#723=EDGE_CURVE('',#1015,#1016,#890,.T.);
#724=EDGE_CURVE('',#1015,#977,#891,.T.);
#725=EDGE_CURVE('',#1016,#979,#892,.T.);
#726=EDGE_CURVE('',#1017,#1018,#893,.T.);
#727=EDGE_CURVE('',#1018,#978,#894,.T.);
#728=EDGE_CURVE('',#1017,#980,#895,.T.);
#729=EDGE_CURVE('',#1019,#1020,#896,.T.);
#730=EDGE_CURVE('',#1019,#981,#897,.T.);
#731=EDGE_CURVE('',#1020,#983,#898,.T.);
#732=EDGE_CURVE('',#1021,#1022,#899,.T.);
#733=EDGE_CURVE('',#1022,#982,#900,.T.);
#734=EDGE_CURVE('',#1021,#984,#901,.T.);
#735=EDGE_CURVE('',#1023,#1024,#902,.T.);
#736=EDGE_CURVE('',#1023,#985,#903,.T.);
#737=EDGE_CURVE('',#1024,#987,#904,.T.);
#738=EDGE_CURVE('',#1025,#1026,#905,.T.);
#739=EDGE_CURVE('',#1026,#986,#906,.T.);
#740=EDGE_CURVE('',#1025,#988,#907,.T.);
#741=EDGE_CURVE('',#1027,#1028,#908,.T.);
#742=EDGE_CURVE('',#1027,#989,#909,.T.);
#743=EDGE_CURVE('',#1028,#991,#910,.T.);
#744=EDGE_CURVE('',#1029,#1030,#911,.T.);
#745=EDGE_CURVE('',#1030,#990,#912,.T.);
#746=EDGE_CURVE('',#1029,#992,#913,.T.);
#747=EDGE_CURVE('',#1031,#1032,#914,.T.);
#748=EDGE_CURVE('',#1031,#993,#915,.T.);
#749=EDGE_CURVE('',#1032,#995,#916,.T.);
#750=EDGE_CURVE('',#1033,#1034,#917,.T.);
#751=EDGE_CURVE('',#1034,#994,#918,.T.);
#752=EDGE_CURVE('',#1033,#996,#919,.T.);
#753=EDGE_CURVE('',#1035,#1036,#920,.T.);
#754=EDGE_CURVE('',#1035,#997,#921,.T.);
#755=EDGE_CURVE('',#1036,#998,#922,.T.);
#756=EDGE_CURVE('',#1037,#1038,#923,.T.);
#757=EDGE_CURVE('',#1037,#999,#924,.T.);
#758=EDGE_CURVE('',#1038,#1000,#925,.T.);
#759=EDGE_CURVE('',#1039,#1040,#926,.T.);
#760=EDGE_CURVE('',#1039,#1001,#927,.T.);
#761=EDGE_CURVE('',#1040,#1002,#928,.T.);
#762=EDGE_CURVE('',#1041,#1042,#929,.T.);
#763=EDGE_CURVE('',#1041,#1003,#930,.T.);
#764=EDGE_CURVE('',#1042,#1004,#931,.T.);
#765=EDGE_CURVE('',#1043,#1044,#932,.T.);
#766=EDGE_CURVE('',#1043,#1005,#933,.T.);
#767=EDGE_CURVE('',#1044,#1006,#934,.T.);
#768=EDGE_CURVE('',#1045,#1046,#935,.T.);
#769=EDGE_CURVE('',#1046,#1007,#936,.T.);
#770=EDGE_CURVE('',#1045,#1008,#937,.T.);
#771=EDGE_CURVE('',#1047,#1048,#938,.T.);
#772=EDGE_CURVE('',#1048,#1009,#939,.T.);
#773=EDGE_CURVE('',#1047,#1010,#940,.T.);
#774=EDGE_CURVE('',#1049,#1050,#941,.T.);
#775=EDGE_CURVE('',#1050,#1011,#942,.T.);
#776=EDGE_CURVE('',#1049,#1013,#943,.T.);
#777=EDGE_CURVE('',#1051,#1052,#944,.T.);
#778=EDGE_CURVE('',#1051,#1012,#945,.T.);
#779=EDGE_CURVE('',#1052,#1014,#946,.T.);
#780=B_SPLINE_CURVE_WITH_KNOTS('',1,(#1592,#1593),.UNSPECIFIED.,.F.,.F.,
(2,2),(0.,2.),.UNSPECIFIED.);
#781=B_SPLINE_CURVE_WITH_KNOTS('',1,(#1597,#1598),.UNSPECIFIED.,.F.,.F.,
(2,2),(0.,2.),.UNSPECIFIED.);
#782=B_SPLINE_CURVE_WITH_KNOTS('',1,(#1599,#1600),.UNSPECIFIED.,.F.,.F.,
(2,2),(-2.,0.),.UNSPECIFIED.);
#783=B_SPLINE_CURVE_WITH_KNOTS('',1,(#1601,#1602),.UNSPECIFIED.,.F.,.F.,
(2,2),(-50.,0.),.UNSPECIFIED.);
#784=B_SPLINE_CURVE_WITH_KNOTS('',3,(#1603,#1604,#1605,#1606),
 .UNSPECIFIED.,.F.,.F.,(4,4),(-2.,0.),.UNSPECIFIED.);
#785=B_SPLINE_CURVE_WITH_KNOTS('',1,(#1607,#1608),.UNSPECIFIED.,.F.,.F.,
(2,2),(-50.,0.),.UNSPECIFIED.);
#786=B_SPLINE_CURVE_WITH_KNOTS('',3,(#1609,#1610,#1611,#1612,#1613,#1614,
#1615,#1616,#1617,#1618),.UNSPECIFIED.,.F.,.F.,(4,2,2,2,4),(-1.5816608110005,
-1.18624560825038,-0.790830405500251,-0.395415202750126,0.),
 .UNSPECIFIED.);
#787=B_SPLINE_CURVE_WITH_KNOTS('',1,(#1619,#1620),.UNSPECIFIED.,.F.,.F.,
(2,2),(-1.99999999999995,0.),.UNSPECIFIED.);
#788=B_SPLINE_CURVE_WITH_KNOTS('',3,(#1621,#1622,#1623,#1624,#1625,#1626,
#1627,#1628,#1629,#1630),.UNSPECIFIED.,.F.,.F.,(4,2,2,2,4),(-4.7427581854884,
-3.5570686391163,-2.3713790927442,-1.1856895463721,0.),.UNSPECIFIED.);
#789=B_SPLINE_CURVE_WITH_KNOTS('',1,(#1634,#1635),.UNSPECIFIED.,.F.,.F.,
(2,2),(0.,2.00000000000005),.UNSPECIFIED.);
#790=B_SPLINE_CURVE_WITH_KNOTS('',1,(#1639,#1640),.UNSPECIFIED.,.F.,.F.,
(2,2),(0.,29.3610071532436),.UNSPECIFIED.);
#791=B_SPLINE_CURVE_WITH_KNOTS('',1,(#1641,#1642),.UNSPECIFIED.,.F.,.F.,
(2,2),(0.,2.),.UNSPECIFIED.);
#792=B_SPLINE_CURVE_WITH_KNOTS('',1,(#1643,#1644),.UNSPECIFIED.,.F.,.F.,
(2,2),(0.,29.3610071532436),.UNSPECIFIED.);
#793=B_SPLINE_CURVE_WITH_KNOTS('',1,(#1650,#1651),.UNSPECIFIED.,.F.,.F.,
(2,2),(0.,2.),.UNSPECIFIED.);
#794=B_SPLINE_CURVE_WITH_KNOTS('',1,(#1657,#1658),.UNSPECIFIED.,.F.,.F.,
(2,2),(0.,23.0796023621519),.UNSPECIFIED.);
#795=B_SPLINE_CURVE_WITH_KNOTS('',1,(#1659,#1660),.UNSPECIFIED.,.F.,.F.,
(2,2),(0.,2.),.UNSPECIFIED.);
#796=B_SPLINE_CURVE_WITH_KNOTS('',1,(#1661,#1662),.UNSPECIFIED.,.F.,.F.,
(2,2),(0.,23.0796023621519),.UNSPECIFIED.);
#797=B_SPLINE_CURVE_WITH_KNOTS('',1,(#1671,#1672),.UNSPECIFIED.,.F.,.F.,
(2,2),(1.93051617136773E-15,4.47213595499866),.UNSPECIFIED.);
#798=B_SPLINE_CURVE_WITH_KNOTS('',1,(#1673,#1674),.UNSPECIFIED.,.F.,.F.,
(2,2),(-50.,0.),.UNSPECIFIED.);
#799=B_SPLINE_CURVE_WITH_KNOTS('',1,(#1675,#1676),.UNSPECIFIED.,.F.,.F.,
(2,2),(-1.99999999999959,0.),.UNSPECIFIED.);
#800=B_SPLINE_CURVE_WITH_KNOTS('',1,(#1677,#1678),.UNSPECIFIED.,.F.,.F.,
(2,2),(-50.,0.),.UNSPECIFIED.);
#801=B_SPLINE_CURVE_WITH_KNOTS('',1,(#1683,#1684),.UNSPECIFIED.,.F.,.F.,
(2,2),(-2.,0.),.UNSPECIFIED.);
#802=B_SPLINE_CURVE_WITH_KNOTS('',1,(#1689,#1690),.UNSPECIFIED.,.F.,.F.,
(2,2),(-23.0796023621523,0.),.UNSPECIFIED.);
#803=B_SPLINE_CURVE_WITH_KNOTS('',1,(#1691,#1692),.UNSPECIFIED.,.F.,.F.,
(2,2),(-23.0796023621523,0.),.UNSPECIFIED.);
#804=B_SPLINE_CURVE_WITH_KNOTS('',1,(#1698,#1699),.UNSPECIFIED.,.F.,.F.,
(2,2),(0.,2.),.UNSPECIFIED.);
#805=B_SPLINE_CURVE_WITH_KNOTS('',1,(#1705,#1706),.UNSPECIFIED.,.F.,.F.,
(2,2),(-29.3610071532381,0.),.UNSPECIFIED.);
#806=B_SPLINE_CURVE_WITH_KNOTS('',1,(#1707,#1708),.UNSPECIFIED.,.F.,.F.,
(2,2),(-2.,0.),.UNSPECIFIED.);
#807=B_SPLINE_CURVE_WITH_KNOTS('',1,(#1709,#1710),.UNSPECIFIED.,.F.,.F.,
(2,2),(-29.3610071532381,0.),.UNSPECIFIED.);
#808=B_SPLINE_CURVE_WITH_KNOTS('',3,(#1714,#1715,#1716,#1717),
 .UNSPECIFIED.,.F.,.F.,(4,4),(0.,2.00000000000016),.UNSPECIFIED.);
#809=B_SPLINE_CURVE_WITH_KNOTS('',3,(#1721,#1722,#1723,#1724,#1725,#1726,
#1727,#1728,#1729,#1730),.UNSPECIFIED.,.F.,.F.,(4,2,2,2,4),(-1.58166081100045,
-1.18624560825034,-0.790830405500226,-0.395415202750113,0.),
 .UNSPECIFIED.);
#810=B_SPLINE_CURVE_WITH_KNOTS('',3,(#1731,#1732,#1733,#1734,#1735,#1736,
#1737,#1738,#1739,#1740),.UNSPECIFIED.,.F.,.F.,(4,2,2,2,4),(-4.74275818548838,
-3.55706863911629,-2.37137909274419,-1.1856895463721,0.),.UNSPECIFIED.);
#811=B_SPLINE_CURVE_WITH_KNOTS('',1,(#1741,#1742),.UNSPECIFIED.,.F.,.F.,
(2,2),(0.,28.2502867280989),.UNSPECIFIED.);
#812=B_SPLINE_CURVE_WITH_KNOTS('',1,(#1743,#1744),.UNSPECIFIED.,.F.,.F.,
(2,2),(0.,25.2599999999996),.UNSPECIFIED.);
#813=B_SPLINE_CURVE_WITH_KNOTS('',1,(#1745,#1746),.UNSPECIFIED.,.F.,.F.,
(2,2),(0.,25.2599999999996),.UNSPECIFIED.);
#814=B_SPLINE_CURVE_WITH_KNOTS('',1,(#1747,#1748),.UNSPECIFIED.,.F.,.F.,
(2,2),(0.,28.2502867281264),.UNSPECIFIED.);
#815=B_SPLINE_CURVE_WITH_KNOTS('',1,(#1749,#1750),.UNSPECIFIED.,.F.,.F.,
(2,2),(-28.2502867280989,0.),.UNSPECIFIED.);
#816=B_SPLINE_CURVE_WITH_KNOTS('',1,(#1751,#1752),.UNSPECIFIED.,.F.,.F.,
(2,2),(-25.2599999999996,0.),.UNSPECIFIED.);
#817=B_SPLINE_CURVE_WITH_KNOTS('',1,(#1753,#1754),.UNSPECIFIED.,.F.,.F.,
(2,2),(-25.2599999999996,0.),.UNSPECIFIED.);
#818=B_SPLINE_CURVE_WITH_KNOTS('',1,(#1755,#1756),.UNSPECIFIED.,.F.,.F.,
(2,2),(-28.2502867281264,0.),.UNSPECIFIED.);
#819=(
BOUNDED_CURVE()
B_SPLINE_CURVE(2,(#1589,#1590,#1591),.UNSPECIFIED.,.F.,.F.)
B_SPLINE_CURVE_WITH_KNOTS((3,3),(0.,9.97455744103475),.UNSPECIFIED.)
CURVE()
GEOMETRIC_REPRESENTATION_ITEM()
RATIONAL_B_SPLINE_CURVE((1.,0.923879520972212,1.))
REPRESENTATION_ITEM('')
);
#820=(
BOUNDED_CURVE()
B_SPLINE_CURVE(2,(#1594,#1595,#1596),.UNSPECIFIED.,.F.,.F.)
B_SPLINE_CURVE_WITH_KNOTS((3,3),(0.,9.97455744103475),.UNSPECIFIED.)
CURVE()
GEOMETRIC_REPRESENTATION_ITEM()
RATIONAL_B_SPLINE_CURVE((1.,0.923879520972214,1.))
REPRESENTATION_ITEM('')
);
#821=(
BOUNDED_CURVE()
B_SPLINE_CURVE(2,(#1631,#1632,#1633),.UNSPECIFIED.,.F.,.F.)
B_SPLINE_CURVE_WITH_KNOTS((3,3),(0.,15.0846155890758),.UNSPECIFIED.)
CURVE()
GEOMETRIC_REPRESENTATION_ITEM()
RATIONAL_B_SPLINE_CURVE((1.,0.929730731393296,1.))
REPRESENTATION_ITEM('')
);
#822=(
BOUNDED_CURVE()
B_SPLINE_CURVE(2,(#1636,#1637,#1638),.UNSPECIFIED.,.F.,.F.)
B_SPLINE_CURVE_WITH_KNOTS((3,3),(0.,15.0846155890758),.UNSPECIFIED.)
CURVE()
GEOMETRIC_REPRESENTATION_ITEM()
RATIONAL_B_SPLINE_CURVE((1.,0.929730731393294,1.))
REPRESENTATION_ITEM('')
);
#823=(
BOUNDED_CURVE()
B_SPLINE_CURVE(2,(#1645,#1646,#1647,#1648,#1649),.UNSPECIFIED.,.F.,.F.)
B_SPLINE_CURVE_WITH_KNOTS((3,2,3),(0.,19.9491137332386,39.8982274664773),
 .UNSPECIFIED.)
CURVE()
GEOMETRIC_REPRESENTATION_ITEM()
RATIONAL_B_SPLINE_CURVE((1.,0.707106770525827,1.,0.707106770525827,1.))
REPRESENTATION_ITEM('')
);
#824=(
BOUNDED_CURVE()
B_SPLINE_CURVE(2,(#1652,#1653,#1654,#1655,#1656),.UNSPECIFIED.,.F.,.F.)
B_SPLINE_CURVE_WITH_KNOTS((3,2,3),(0.,19.9491137332386,39.8982274664773),
 .UNSPECIFIED.)
CURVE()
GEOMETRIC_REPRESENTATION_ITEM()
RATIONAL_B_SPLINE_CURVE((1.,0.707106770525837,1.,0.707106770525837,1.))
REPRESENTATION_ITEM('')
);
#825=(
BOUNDED_CURVE()
B_SPLINE_CURVE(3,(#1663,#1664,#1665,#1666),.UNSPECIFIED.,.F.,.F.)
B_SPLINE_CURVE_WITH_KNOTS((4,4),(0.,3.81199677243195),.UNSPECIFIED.)
CURVE()
GEOMETRIC_REPRESENTATION_ITEM()
RATIONAL_B_SPLINE_CURVE((1.,0.804737854124367,0.804737854124367,1.))
REPRESENTATION_ITEM('')
);
#826=(
BOUNDED_CURVE()
B_SPLINE_CURVE(3,(#1667,#1668,#1669,#1670),.UNSPECIFIED.,.F.,.F.)
B_SPLINE_CURVE_WITH_KNOTS((4,4),(0.,6.39495749276207),.UNSPECIFIED.)
CURVE()
GEOMETRIC_REPRESENTATION_ITEM()
RATIONAL_B_SPLINE_CURVE((1.,0.804737854124366,0.804737854124366,1.))
REPRESENTATION_ITEM('')
);
#827=(
BOUNDED_CURVE()
B_SPLINE_CURVE(3,(#1679,#1680,#1681,#1682),.UNSPECIFIED.,.F.,.F.)
B_SPLINE_CURVE_WITH_KNOTS((4,4),(-3.81199677243211,0.),.UNSPECIFIED.)
CURVE()
GEOMETRIC_REPRESENTATION_ITEM()
RATIONAL_B_SPLINE_CURVE((1.,0.804737854124365,0.804737854124365,1.))
REPRESENTATION_ITEM('')
);
#828=(
BOUNDED_CURVE()
B_SPLINE_CURVE(3,(#1685,#1686,#1687,#1688),.UNSPECIFIED.,.F.,.F.)
B_SPLINE_CURVE_WITH_KNOTS((4,4),(-6.39495749276219,0.),.UNSPECIFIED.)
CURVE()
GEOMETRIC_REPRESENTATION_ITEM()
RATIONAL_B_SPLINE_CURVE((1.,0.804737854124365,0.804737854124365,1.))
REPRESENTATION_ITEM('')
);
#829=(
BOUNDED_CURVE()
B_SPLINE_CURVE(2,(#1693,#1694,#1695,#1696,#1697),.UNSPECIFIED.,.F.,.F.)
B_SPLINE_CURVE_WITH_KNOTS((3,2,3),(0.,14.9618350127213,29.9236700254425),
 .UNSPECIFIED.)
CURVE()
GEOMETRIC_REPRESENTATION_ITEM()
RATIONAL_B_SPLINE_CURVE((1.,0.831469612302543,1.,0.831469612302543,1.))
REPRESENTATION_ITEM('')
);
#830=(
BOUNDED_CURVE()
B_SPLINE_CURVE(2,(#1700,#1701,#1702,#1703,#1704),.UNSPECIFIED.,.F.,.F.)
B_SPLINE_CURVE_WITH_KNOTS((3,2,3),(0.,14.9618350127213,29.9236700254425),
 .UNSPECIFIED.)
CURVE()
GEOMETRIC_REPRESENTATION_ITEM()
RATIONAL_B_SPLINE_CURVE((1.,0.831469612302544,1.,0.831469612302544,1.))
REPRESENTATION_ITEM('')
);
#831=(
BOUNDED_CURVE()
B_SPLINE_CURVE(2,(#1711,#1712,#1713),.UNSPECIFIED.,.F.,.F.)
B_SPLINE_CURVE_WITH_KNOTS((3,3),(0.,15.0846155890662),.UNSPECIFIED.)
CURVE()
GEOMETRIC_REPRESENTATION_ITEM()
RATIONAL_B_SPLINE_CURVE((1.,0.929730731394058,1.))
REPRESENTATION_ITEM('')
);
#832=(
BOUNDED_CURVE()
B_SPLINE_CURVE(2,(#1718,#1719,#1720),.UNSPECIFIED.,.F.,.F.)
B_SPLINE_CURVE_WITH_KNOTS((3,3),(0.,15.0846155890662),.UNSPECIFIED.)
CURVE()
GEOMETRIC_REPRESENTATION_ITEM()
RATIONAL_B_SPLINE_CURVE((1.,0.929730731394051,1.))
REPRESENTATION_ITEM('')
);
#833=(
BOUNDED_CURVE()
B_SPLINE_CURVE(2,(#1757,#1758,#1759,#1760,#1761),.UNSPECIFIED.,.F.,.F.)
B_SPLINE_CURVE_WITH_KNOTS((3,2,3),(0.,2.51327412287183,5.02654824574367),
 .UNSPECIFIED.)
CURVE()
GEOMETRIC_REPRESENTATION_ITEM()
RATIONAL_B_SPLINE_CURVE((1.,0.707106781186548,1.,0.707106781186548,1.))
REPRESENTATION_ITEM('')
);
#834=(
BOUNDED_CURVE()
B_SPLINE_CURVE(2,(#1762,#1763,#1764,#1765,#1766),.UNSPECIFIED.,.F.,.F.)
B_SPLINE_CURVE_WITH_KNOTS((3,2,3),(-10.0530964914873,-7.5398223686155,-5.02654824574367),
 .UNSPECIFIED.)
CURVE()
GEOMETRIC_REPRESENTATION_ITEM()
RATIONAL_B_SPLINE_CURVE((1.,0.707106781186548,1.,0.707106781186548,1.))
REPRESENTATION_ITEM('')
);
#835=(
BOUNDED_CURVE()
B_SPLINE_CURVE(2,(#1767,#1768,#1769,#1770,#1771),.UNSPECIFIED.,.F.,.F.)
B_SPLINE_CURVE_WITH_KNOTS((3,2,3),(0.,2.51327412287183,5.02654824574367),
 .UNSPECIFIED.)
CURVE()
GEOMETRIC_REPRESENTATION_ITEM()
RATIONAL_B_SPLINE_CURVE((1.,0.707106781186548,1.,0.707106781186548,1.))
REPRESENTATION_ITEM('')
);
#836=(
BOUNDED_CURVE()
B_SPLINE_CURVE(2,(#1772,#1773,#1774,#1775,#1776),.UNSPECIFIED.,.F.,.F.)
B_SPLINE_CURVE_WITH_KNOTS((3,2,3),(-10.0530964914873,-7.5398223686155,-5.02654824574367),
 .UNSPECIFIED.)
CURVE()
GEOMETRIC_REPRESENTATION_ITEM()
RATIONAL_B_SPLINE_CURVE((1.,0.707106781186548,1.,0.707106781186547,1.))
REPRESENTATION_ITEM('')
);
#837=(
BOUNDED_CURVE()
B_SPLINE_CURVE(1,(#1777,#1778),.UNSPECIFIED.,.F.,.F.)
B_SPLINE_CURVE_WITH_KNOTS((2,2),(109.118457199904,111.118457199904),
 .UNSPECIFIED.)
CURVE()
GEOMETRIC_REPRESENTATION_ITEM()
RATIONAL_B_SPLINE_CURVE((1.,1.))
REPRESENTATION_ITEM('')
);
#838=(
BOUNDED_CURVE()
B_SPLINE_CURVE(1,(#1779,#1780),.UNSPECIFIED.,.F.,.F.)
B_SPLINE_CURVE_WITH_KNOTS((2,2),(55.1184571999043,57.1184571999043),
 .UNSPECIFIED.)
CURVE()
GEOMETRIC_REPRESENTATION_ITEM()
RATIONAL_B_SPLINE_CURVE((1.,1.))
REPRESENTATION_ITEM('')
);
#839=(
BOUNDED_CURVE()
B_SPLINE_CURVE(2,(#1781,#1782,#1783,#1784,#1785),.UNSPECIFIED.,.F.,.F.)
B_SPLINE_CURVE_WITH_KNOTS((3,2,3),(0.,2.51327412287183,5.02654824574367),
 .UNSPECIFIED.)
CURVE()
GEOMETRIC_REPRESENTATION_ITEM()
RATIONAL_B_SPLINE_CURVE((1.,0.707106781186548,1.,0.707106781186548,1.))
REPRESENTATION_ITEM('')
);
#840=(
BOUNDED_CURVE()
B_SPLINE_CURVE(2,(#1786,#1787,#1788,#1789,#1790),.UNSPECIFIED.,.F.,.F.)
B_SPLINE_CURVE_WITH_KNOTS((3,2,3),(-10.0530964914873,-7.5398223686155,-5.02654824574367),
 .UNSPECIFIED.)
CURVE()
GEOMETRIC_REPRESENTATION_ITEM()
RATIONAL_B_SPLINE_CURVE((1.,0.707106781186548,1.,0.707106781186548,1.))
REPRESENTATION_ITEM('')
);
#841=(
BOUNDED_CURVE()
B_SPLINE_CURVE(2,(#1791,#1792,#1793,#1794,#1795),.UNSPECIFIED.,.F.,.F.)
B_SPLINE_CURVE_WITH_KNOTS((3,2,3),(0.,2.51327412287183,5.02654824574367),
 .UNSPECIFIED.)
CURVE()
GEOMETRIC_REPRESENTATION_ITEM()
RATIONAL_B_SPLINE_CURVE((1.,0.707106781186548,1.,0.707106781186548,1.))
REPRESENTATION_ITEM('')
);
#842=(
BOUNDED_CURVE()
B_SPLINE_CURVE(2,(#1796,#1797,#1798,#1799,#1800),.UNSPECIFIED.,.F.,.F.)
B_SPLINE_CURVE_WITH_KNOTS((3,2,3),(-10.0530964914873,-7.5398223686155,-5.02654824574367),
 .UNSPECIFIED.)
CURVE()
GEOMETRIC_REPRESENTATION_ITEM()
RATIONAL_B_SPLINE_CURVE((1.,0.707106781186548,1.,0.707106781186547,1.))
REPRESENTATION_ITEM('')
);
#843=(
BOUNDED_CURVE()
B_SPLINE_CURVE(1,(#1801,#1802),.UNSPECIFIED.,.F.,.F.)
B_SPLINE_CURVE_WITH_KNOTS((2,2),(109.118457199904,111.118457199904),
 .UNSPECIFIED.)
CURVE()
GEOMETRIC_REPRESENTATION_ITEM()
RATIONAL_B_SPLINE_CURVE((1.,1.))
REPRESENTATION_ITEM('')
);
#844=(
BOUNDED_CURVE()
B_SPLINE_CURVE(1,(#1803,#1804),.UNSPECIFIED.,.F.,.F.)
B_SPLINE_CURVE_WITH_KNOTS((2,2),(55.1184571999043,57.1184571999043),
 .UNSPECIFIED.)
CURVE()
GEOMETRIC_REPRESENTATION_ITEM()
RATIONAL_B_SPLINE_CURVE((1.,1.))
REPRESENTATION_ITEM('')
);
#845=(
BOUNDED_CURVE()
B_SPLINE_CURVE(2,(#1805,#1806,#1807,#1808,#1809),.UNSPECIFIED.,.F.,.F.)
B_SPLINE_CURVE_WITH_KNOTS((3,2,3),(0.,2.51327412287183,5.02654824574367),
 .UNSPECIFIED.)
CURVE()
GEOMETRIC_REPRESENTATION_ITEM()
RATIONAL_B_SPLINE_CURVE((1.,0.707106781186548,1.,0.707106781186548,1.))
REPRESENTATION_ITEM('')
);
#846=(
BOUNDED_CURVE()
B_SPLINE_CURVE(2,(#1810,#1811,#1812,#1813,#1814),.UNSPECIFIED.,.F.,.F.)
B_SPLINE_CURVE_WITH_KNOTS((3,2,3),(-10.0530964914873,-7.5398223686155,-5.02654824574367),
 .UNSPECIFIED.)
CURVE()
GEOMETRIC_REPRESENTATION_ITEM()
RATIONAL_B_SPLINE_CURVE((1.,0.707106781186548,1.,0.707106781186548,1.))
REPRESENTATION_ITEM('')
);
#847=(
BOUNDED_CURVE()
B_SPLINE_CURVE(2,(#1815,#1816,#1817,#1818,#1819),.UNSPECIFIED.,.F.,.F.)
B_SPLINE_CURVE_WITH_KNOTS((3,2,3),(0.,2.51327412287183,5.02654824574367),
 .UNSPECIFIED.)
CURVE()
GEOMETRIC_REPRESENTATION_ITEM()
RATIONAL_B_SPLINE_CURVE((1.,0.707106781186548,1.,0.707106781186548,1.))
REPRESENTATION_ITEM('')
);
#848=(
BOUNDED_CURVE()
B_SPLINE_CURVE(2,(#1820,#1821,#1822,#1823,#1824),.UNSPECIFIED.,.F.,.F.)
B_SPLINE_CURVE_WITH_KNOTS((3,2,3),(-10.0530964914873,-7.5398223686155,-5.02654824574367),
 .UNSPECIFIED.)
CURVE()
GEOMETRIC_REPRESENTATION_ITEM()
RATIONAL_B_SPLINE_CURVE((1.,0.707106781186548,1.,0.707106781186547,1.))
REPRESENTATION_ITEM('')
);
#849=(
BOUNDED_CURVE()
B_SPLINE_CURVE(1,(#1825,#1826),.UNSPECIFIED.,.F.,.F.)
B_SPLINE_CURVE_WITH_KNOTS((2,2),(109.118457199904,111.118457199904),
 .UNSPECIFIED.)
CURVE()
GEOMETRIC_REPRESENTATION_ITEM()
RATIONAL_B_SPLINE_CURVE((1.,1.))
REPRESENTATION_ITEM('')
);
#850=(
BOUNDED_CURVE()
B_SPLINE_CURVE(1,(#1827,#1828),.UNSPECIFIED.,.F.,.F.)
B_SPLINE_CURVE_WITH_KNOTS((2,2),(55.1184571999043,57.1184571999043),
 .UNSPECIFIED.)
CURVE()
GEOMETRIC_REPRESENTATION_ITEM()
RATIONAL_B_SPLINE_CURVE((1.,1.))
REPRESENTATION_ITEM('')
);
#851=(
BOUNDED_CURVE()
B_SPLINE_CURVE(2,(#1829,#1830,#1831,#1832,#1833),.UNSPECIFIED.,.F.,.F.)
B_SPLINE_CURVE_WITH_KNOTS((3,2,3),(0.,2.51327412287183,5.02654824574367),
 .UNSPECIFIED.)
CURVE()
GEOMETRIC_REPRESENTATION_ITEM()
RATIONAL_B_SPLINE_CURVE((1.,0.707106781186548,1.,0.707106781186548,1.))
REPRESENTATION_ITEM('')
);
#852=(
BOUNDED_CURVE()
B_SPLINE_CURVE(2,(#1834,#1835,#1836,#1837,#1838),.UNSPECIFIED.,.F.,.F.)
B_SPLINE_CURVE_WITH_KNOTS((3,2,3),(-10.0530964914873,-7.5398223686155,-5.02654824574367),
 .UNSPECIFIED.)
CURVE()
GEOMETRIC_REPRESENTATION_ITEM()
RATIONAL_B_SPLINE_CURVE((1.,0.707106781186548,1.,0.707106781186548,1.))
REPRESENTATION_ITEM('')
);
#853=(
BOUNDED_CURVE()
B_SPLINE_CURVE(2,(#1839,#1840,#1841,#1842,#1843),.UNSPECIFIED.,.F.,.F.)
B_SPLINE_CURVE_WITH_KNOTS((3,2,3),(0.,2.51327412287183,5.02654824574367),
 .UNSPECIFIED.)
CURVE()
GEOMETRIC_REPRESENTATION_ITEM()
RATIONAL_B_SPLINE_CURVE((1.,0.707106781186548,1.,0.707106781186548,1.))
REPRESENTATION_ITEM('')
);
#854=(
BOUNDED_CURVE()
B_SPLINE_CURVE(2,(#1844,#1845,#1846,#1847,#1848),.UNSPECIFIED.,.F.,.F.)
B_SPLINE_CURVE_WITH_KNOTS((3,2,3),(-10.0530964914873,-7.5398223686155,-5.02654824574367),
 .UNSPECIFIED.)
CURVE()
GEOMETRIC_REPRESENTATION_ITEM()
RATIONAL_B_SPLINE_CURVE((1.,0.707106781186548,1.,0.707106781186547,1.))
REPRESENTATION_ITEM('')
);
#855=(
BOUNDED_CURVE()
B_SPLINE_CURVE(1,(#1849,#1850),.UNSPECIFIED.,.F.,.F.)
B_SPLINE_CURVE_WITH_KNOTS((2,2),(109.118457199904,111.118457199904),
 .UNSPECIFIED.)
CURVE()
GEOMETRIC_REPRESENTATION_ITEM()
RATIONAL_B_SPLINE_CURVE((1.,1.))
REPRESENTATION_ITEM('')
);
#856=(
BOUNDED_CURVE()
B_SPLINE_CURVE(1,(#1851,#1852),.UNSPECIFIED.,.F.,.F.)
B_SPLINE_CURVE_WITH_KNOTS((2,2),(55.1184571999043,57.1184571999043),
 .UNSPECIFIED.)
CURVE()
GEOMETRIC_REPRESENTATION_ITEM()
RATIONAL_B_SPLINE_CURVE((1.,1.))
REPRESENTATION_ITEM('')
);
#857=(
BOUNDED_CURVE()
B_SPLINE_CURVE(2,(#1853,#1854,#1855,#1856,#1857),.UNSPECIFIED.,.F.,.F.)
B_SPLINE_CURVE_WITH_KNOTS((3,2,3),(0.,6.28318530717959,12.5663706143592),
 .UNSPECIFIED.)
CURVE()
GEOMETRIC_REPRESENTATION_ITEM()
RATIONAL_B_SPLINE_CURVE((1.,0.707106781186548,1.,0.707106781186548,1.))
REPRESENTATION_ITEM('')
);
#858=(
BOUNDED_CURVE()
B_SPLINE_CURVE(2,(#1858,#1859,#1860,#1861,#1862),.UNSPECIFIED.,.F.,.F.)
B_SPLINE_CURVE_WITH_KNOTS((3,2,3),(-25.1327412287183,-18.8495559215388,
-12.5663706143592),.UNSPECIFIED.)
CURVE()
GEOMETRIC_REPRESENTATION_ITEM()
RATIONAL_B_SPLINE_CURVE((1.,0.707106781186548,1.,0.707106781186548,1.))
REPRESENTATION_ITEM('')
);
#859=(
BOUNDED_CURVE()
B_SPLINE_CURVE(2,(#1863,#1864,#1865,#1866,#1867),.UNSPECIFIED.,.F.,.F.)
B_SPLINE_CURVE_WITH_KNOTS((3,2,3),(0.,6.28318530717959,12.5663706143592),
 .UNSPECIFIED.)
CURVE()
GEOMETRIC_REPRESENTATION_ITEM()
RATIONAL_B_SPLINE_CURVE((1.,0.707106781186548,1.,0.707106781186548,1.))
REPRESENTATION_ITEM('')
);
#860=(
BOUNDED_CURVE()
B_SPLINE_CURVE(2,(#1868,#1869,#1870,#1871,#1872),.UNSPECIFIED.,.F.,.F.)
B_SPLINE_CURVE_WITH_KNOTS((3,2,3),(-25.1327412287183,-18.8495559215388,
-12.5663706143592),.UNSPECIFIED.)
CURVE()
GEOMETRIC_REPRESENTATION_ITEM()
RATIONAL_B_SPLINE_CURVE((1.,0.707106781186548,1.,0.707106781186548,1.))
REPRESENTATION_ITEM('')
);
#861=(
BOUNDED_CURVE()
B_SPLINE_CURVE(1,(#1873,#1874),.UNSPECIFIED.,.F.,.F.)
B_SPLINE_CURVE_WITH_KNOTS((2,2),(109.118457199904,111.118457199904),
 .UNSPECIFIED.)
CURVE()
GEOMETRIC_REPRESENTATION_ITEM()
RATIONAL_B_SPLINE_CURVE((1.,1.))
REPRESENTATION_ITEM('')
);
#862=(
BOUNDED_CURVE()
B_SPLINE_CURVE(1,(#1875,#1876),.UNSPECIFIED.,.F.,.F.)
B_SPLINE_CURVE_WITH_KNOTS((2,2),(55.1184571999043,57.1184571999043),
 .UNSPECIFIED.)
CURVE()
GEOMETRIC_REPRESENTATION_ITEM()
RATIONAL_B_SPLINE_CURVE((1.,1.))
REPRESENTATION_ITEM('')
);
#863=(
BOUNDED_CURVE()
B_SPLINE_CURVE(2,(#1877,#1878,#1879,#1880,#1881),.UNSPECIFIED.,.F.,.F.)
B_SPLINE_CURVE_WITH_KNOTS((3,2,3),(0.,6.28318530717959,12.5663706143592),
 .UNSPECIFIED.)
CURVE()
GEOMETRIC_REPRESENTATION_ITEM()
RATIONAL_B_SPLINE_CURVE((1.,0.707106781186548,1.,0.707106781186548,1.))
REPRESENTATION_ITEM('')
);
#864=(
BOUNDED_CURVE()
B_SPLINE_CURVE(2,(#1882,#1883,#1884,#1885,#1886),.UNSPECIFIED.,.F.,.F.)
B_SPLINE_CURVE_WITH_KNOTS((3,2,3),(0.,6.28318530717959,12.5663706143592),
 .UNSPECIFIED.)
CURVE()
GEOMETRIC_REPRESENTATION_ITEM()
RATIONAL_B_SPLINE_CURVE((1.,0.707106781186548,1.,0.707106781186548,1.))
REPRESENTATION_ITEM('')
);
#865=(
BOUNDED_CURVE()
B_SPLINE_CURVE(1,(#1887,#1888),.UNSPECIFIED.,.F.,.F.)
B_SPLINE_CURVE_WITH_KNOTS((2,2),(62.1554423972712,64.1554423972712),
 .UNSPECIFIED.)
CURVE()
GEOMETRIC_REPRESENTATION_ITEM()
RATIONAL_B_SPLINE_CURVE((1.,1.))
REPRESENTATION_ITEM('')
);
#866=(
BOUNDED_CURVE()
B_SPLINE_CURVE(2,(#1889,#1890,#1891,#1892,#1893),.UNSPECIFIED.,.F.,.F.)
B_SPLINE_CURVE_WITH_KNOTS((3,2,3),(0.,2.51327412287183,5.02654824574367),
 .UNSPECIFIED.)
CURVE()
GEOMETRIC_REPRESENTATION_ITEM()
RATIONAL_B_SPLINE_CURVE((1.,0.707106781186548,1.,0.707106781186548,1.))
REPRESENTATION_ITEM('')
);
#867=(
BOUNDED_CURVE()
B_SPLINE_CURVE(2,(#1894,#1895,#1896,#1897,#1898),.UNSPECIFIED.,.F.,.F.)
B_SPLINE_CURVE_WITH_KNOTS((3,2,3),(0.,2.51327412287183,5.02654824574367),
 .UNSPECIFIED.)
CURVE()
GEOMETRIC_REPRESENTATION_ITEM()
RATIONAL_B_SPLINE_CURVE((1.,0.707106781186548,1.,0.707106781186548,1.))
REPRESENTATION_ITEM('')
);
#868=(
BOUNDED_CURVE()
B_SPLINE_CURVE(1,(#1899,#1900),.UNSPECIFIED.,.F.,.F.)
B_SPLINE_CURVE_WITH_KNOTS((2,2),(62.1554423972712,64.1554423972712),
 .UNSPECIFIED.)
CURVE()
GEOMETRIC_REPRESENTATION_ITEM()
RATIONAL_B_SPLINE_CURVE((1.,1.))
REPRESENTATION_ITEM('')
);
#869=(
BOUNDED_CURVE()
B_SPLINE_CURVE(2,(#1901,#1902,#1903,#1904,#1905),.UNSPECIFIED.,.F.,.F.)
B_SPLINE_CURVE_WITH_KNOTS((3,2,3),(0.,2.51327412287183,5.02654824574367),
 .UNSPECIFIED.)
CURVE()
GEOMETRIC_REPRESENTATION_ITEM()
RATIONAL_B_SPLINE_CURVE((1.,0.707106781186548,1.,0.707106781186548,1.))
REPRESENTATION_ITEM('')
);
#870=(
BOUNDED_CURVE()
B_SPLINE_CURVE(2,(#1906,#1907,#1908,#1909,#1910),.UNSPECIFIED.,.F.,.F.)
B_SPLINE_CURVE_WITH_KNOTS((3,2,3),(0.,2.51327412287183,5.02654824574367),
 .UNSPECIFIED.)
CURVE()
GEOMETRIC_REPRESENTATION_ITEM()
RATIONAL_B_SPLINE_CURVE((1.,0.707106781186548,1.,0.707106781186548,1.))
REPRESENTATION_ITEM('')
);
#871=(
BOUNDED_CURVE()
B_SPLINE_CURVE(1,(#1911,#1912),.UNSPECIFIED.,.F.,.F.)
B_SPLINE_CURVE_WITH_KNOTS((2,2),(62.1554423972712,64.1554423972712),
 .UNSPECIFIED.)
CURVE()
GEOMETRIC_REPRESENTATION_ITEM()
RATIONAL_B_SPLINE_CURVE((1.,1.))
REPRESENTATION_ITEM('')
);
#872=(
BOUNDED_CURVE()
B_SPLINE_CURVE(2,(#1913,#1914,#1915,#1916,#1917),.UNSPECIFIED.,.F.,.F.)
B_SPLINE_CURVE_WITH_KNOTS((3,2,3),(0.,2.51327412287183,5.02654824574367),
 .UNSPECIFIED.)
CURVE()
GEOMETRIC_REPRESENTATION_ITEM()
RATIONAL_B_SPLINE_CURVE((1.,0.707106781186548,1.,0.707106781186548,1.))
REPRESENTATION_ITEM('')
);
#873=(
BOUNDED_CURVE()
B_SPLINE_CURVE(2,(#1918,#1919,#1920,#1921,#1922),.UNSPECIFIED.,.F.,.F.)
B_SPLINE_CURVE_WITH_KNOTS((3,2,3),(0.,2.51327412287183,5.02654824574367),
 .UNSPECIFIED.)
CURVE()
GEOMETRIC_REPRESENTATION_ITEM()
RATIONAL_B_SPLINE_CURVE((1.,0.707106781186548,1.,0.707106781186548,1.))
REPRESENTATION_ITEM('')
);
#874=(
BOUNDED_CURVE()
B_SPLINE_CURVE(1,(#1923,#1924),.UNSPECIFIED.,.F.,.F.)
B_SPLINE_CURVE_WITH_KNOTS((2,2),(62.1554423972712,64.1554423972712),
 .UNSPECIFIED.)
CURVE()
GEOMETRIC_REPRESENTATION_ITEM()
RATIONAL_B_SPLINE_CURVE((1.,1.))
REPRESENTATION_ITEM('')
);
#875=(
BOUNDED_CURVE()
B_SPLINE_CURVE(2,(#1925,#1926,#1927,#1928,#1929),.UNSPECIFIED.,.F.,.F.)
B_SPLINE_CURVE_WITH_KNOTS((3,2,3),(0.,2.51327412287183,5.02654824574367),
 .UNSPECIFIED.)
CURVE()
GEOMETRIC_REPRESENTATION_ITEM()
RATIONAL_B_SPLINE_CURVE((1.,0.707106781186548,1.,0.707106781186548,1.))
REPRESENTATION_ITEM('')
);
#876=(
BOUNDED_CURVE()
B_SPLINE_CURVE(2,(#1930,#1931,#1932,#1933,#1934),.UNSPECIFIED.,.F.,.F.)
B_SPLINE_CURVE_WITH_KNOTS((3,2,3),(0.,2.51327412287183,5.02654824574367),
 .UNSPECIFIED.)
CURVE()
GEOMETRIC_REPRESENTATION_ITEM()
RATIONAL_B_SPLINE_CURVE((1.,0.707106781186548,1.,0.707106781186548,1.))
REPRESENTATION_ITEM('')
);
#877=(
BOUNDED_CURVE()
B_SPLINE_CURVE(1,(#1935,#1936),.UNSPECIFIED.,.F.,.F.)
B_SPLINE_CURVE_WITH_KNOTS((2,2),(62.1554423972712,64.1554423972712),
 .UNSPECIFIED.)
CURVE()
GEOMETRIC_REPRESENTATION_ITEM()
RATIONAL_B_SPLINE_CURVE((1.,1.))
REPRESENTATION_ITEM('')
);
#878=(
BOUNDED_CURVE()
B_SPLINE_CURVE(2,(#1937,#1938,#1939,#1940,#1941),.UNSPECIFIED.,.F.,.F.)
B_SPLINE_CURVE_WITH_KNOTS((3,2,3),(0.,2.51327412287183,5.02654824574367),
 .UNSPECIFIED.)
CURVE()
GEOMETRIC_REPRESENTATION_ITEM()
RATIONAL_B_SPLINE_CURVE((1.,0.707106781186548,1.,0.707106781186547,1.))
REPRESENTATION_ITEM('')
);
#879=(
BOUNDED_CURVE()
B_SPLINE_CURVE(2,(#1942,#1943,#1944,#1945,#1946),.UNSPECIFIED.,.F.,.F.)
B_SPLINE_CURVE_WITH_KNOTS((3,2,3),(0.,2.51327412287183,5.02654824574367),
 .UNSPECIFIED.)
CURVE()
GEOMETRIC_REPRESENTATION_ITEM()
RATIONAL_B_SPLINE_CURVE((1.,0.707106781186548,1.,0.707106781186548,1.))
REPRESENTATION_ITEM('')
);
#880=(
BOUNDED_CURVE()
B_SPLINE_CURVE(1,(#1947,#1948),.UNSPECIFIED.,.F.,.F.)
B_SPLINE_CURVE_WITH_KNOTS((2,2),(4.72162552792985,6.21037039390947),
 .UNSPECIFIED.)
CURVE()
GEOMETRIC_REPRESENTATION_ITEM()
RATIONAL_B_SPLINE_CURVE((1.,1.))
REPRESENTATION_ITEM('')
);
#881=(
BOUNDED_CURVE()
B_SPLINE_CURVE(2,(#1949,#1950,#1951,#1952,#1953),.UNSPECIFIED.,.F.,.F.)
B_SPLINE_CURVE_WITH_KNOTS((3,2,3),(0.,2.51327412287183,5.02654824574367),
 .UNSPECIFIED.)
CURVE()
GEOMETRIC_REPRESENTATION_ITEM()
RATIONAL_B_SPLINE_CURVE((1.,0.707106781186548,1.,0.707106781186548,1.))
REPRESENTATION_ITEM('')
);
#882=(
BOUNDED_CURVE()
B_SPLINE_CURVE(2,(#1954,#1955,#1956,#1957,#1958),.UNSPECIFIED.,.F.,.F.)
B_SPLINE_CURVE_WITH_KNOTS((3,2,3),(0.,2.51327412287183,5.02654824574367),
 .UNSPECIFIED.)
CURVE()
GEOMETRIC_REPRESENTATION_ITEM()
RATIONAL_B_SPLINE_CURVE((1.,0.707106781186548,1.,0.707106781186548,1.))
REPRESENTATION_ITEM('')
);
#883=(
BOUNDED_CURVE()
B_SPLINE_CURVE(1,(#1959,#1960),.UNSPECIFIED.,.F.,.F.)
B_SPLINE_CURVE_WITH_KNOTS((2,2),(4.72162552792985,6.21037039390947),
 .UNSPECIFIED.)
CURVE()
GEOMETRIC_REPRESENTATION_ITEM()
RATIONAL_B_SPLINE_CURVE((1.,1.))
REPRESENTATION_ITEM('')
);
#884=(
BOUNDED_CURVE()
B_SPLINE_CURVE(2,(#1961,#1962,#1963,#1964,#1965),.UNSPECIFIED.,.F.,.F.)
B_SPLINE_CURVE_WITH_KNOTS((3,2,3),(-10.0530964914873,-7.5398223686155,-5.02654824574367),
 .UNSPECIFIED.)
CURVE()
GEOMETRIC_REPRESENTATION_ITEM()
RATIONAL_B_SPLINE_CURVE((1.,0.707106781186548,1.,0.707106781186548,1.))
REPRESENTATION_ITEM('')
);
#885=(
BOUNDED_CURVE()
B_SPLINE_CURVE(1,(#1966,#1967),.UNSPECIFIED.,.F.,.F.)
B_SPLINE_CURVE_WITH_KNOTS((2,2),(0.,2.),.UNSPECIFIED.)
CURVE()
GEOMETRIC_REPRESENTATION_ITEM()
RATIONAL_B_SPLINE_CURVE((1.,1.))
REPRESENTATION_ITEM('')
);
#886=(
BOUNDED_CURVE()
B_SPLINE_CURVE(2,(#1968,#1969,#1970,#1971,#1972),.UNSPECIFIED.,.F.,.F.)
B_SPLINE_CURVE_WITH_KNOTS((3,2,3),(0.,2.51327412287183,5.02654824574367),
 .UNSPECIFIED.)
CURVE()
GEOMETRIC_REPRESENTATION_ITEM()
RATIONAL_B_SPLINE_CURVE((1.,0.707106781186548,1.,0.707106781186548,1.))
REPRESENTATION_ITEM('')
);
#887=(
BOUNDED_CURVE()
B_SPLINE_CURVE(2,(#1973,#1974,#1975,#1976,#1977),.UNSPECIFIED.,.F.,.F.)
B_SPLINE_CURVE_WITH_KNOTS((3,2,3),(0.,2.51327412287183,5.02654824574367),
 .UNSPECIFIED.)
CURVE()
GEOMETRIC_REPRESENTATION_ITEM()
RATIONAL_B_SPLINE_CURVE((1.,0.707106781186548,1.,0.707106781186548,1.))
REPRESENTATION_ITEM('')
);
#888=(
BOUNDED_CURVE()
B_SPLINE_CURVE(2,(#1978,#1979,#1980,#1981,#1982),.UNSPECIFIED.,.F.,.F.)
B_SPLINE_CURVE_WITH_KNOTS((3,2,3),(-10.0530964914873,-7.5398223686155,-5.02654824574367),
 .UNSPECIFIED.)
CURVE()
GEOMETRIC_REPRESENTATION_ITEM()
RATIONAL_B_SPLINE_CURVE((1.,0.707106781186548,1.,0.707106781186548,1.))
REPRESENTATION_ITEM('')
);
#889=(
BOUNDED_CURVE()
B_SPLINE_CURVE(1,(#1983,#1984),.UNSPECIFIED.,.F.,.F.)
B_SPLINE_CURVE_WITH_KNOTS((2,2),(54.,56.),.UNSPECIFIED.)
CURVE()
GEOMETRIC_REPRESENTATION_ITEM()
RATIONAL_B_SPLINE_CURVE((1.,1.))
REPRESENTATION_ITEM('')
);
#890=(
BOUNDED_CURVE()
B_SPLINE_CURVE(1,(#1985,#1986),.UNSPECIFIED.,.F.,.F.)
B_SPLINE_CURVE_WITH_KNOTS((2,2),(55.1184571999043,57.1184571999043),
 .UNSPECIFIED.)
CURVE()
GEOMETRIC_REPRESENTATION_ITEM()
RATIONAL_B_SPLINE_CURVE((1.,1.))
REPRESENTATION_ITEM('')
);
#891=(
BOUNDED_CURVE()
B_SPLINE_CURVE(2,(#1987,#1988,#1989,#1990,#1991),.UNSPECIFIED.,.F.,.F.)
B_SPLINE_CURVE_WITH_KNOTS((3,2,3),(5.02654824574367,7.5398223686155,10.0530964914873),
 .UNSPECIFIED.)
CURVE()
GEOMETRIC_REPRESENTATION_ITEM()
RATIONAL_B_SPLINE_CURVE((1.,0.707106781186548,1.,0.707106781186548,1.))
REPRESENTATION_ITEM('')
);
#892=(
BOUNDED_CURVE()
B_SPLINE_CURVE(2,(#1992,#1993,#1994,#1995,#1996),.UNSPECIFIED.,.F.,.F.)
B_SPLINE_CURVE_WITH_KNOTS((3,2,3),(5.02654824574367,7.5398223686155,10.0530964914873),
 .UNSPECIFIED.)
CURVE()
GEOMETRIC_REPRESENTATION_ITEM()
RATIONAL_B_SPLINE_CURVE((1.,0.707106781186548,1.,0.707106781186548,1.))
REPRESENTATION_ITEM('')
);
#893=(
BOUNDED_CURVE()
B_SPLINE_CURVE(1,(#1997,#1998),.UNSPECIFIED.,.F.,.F.)
B_SPLINE_CURVE_WITH_KNOTS((2,2),(109.118457199904,111.118457199904),
 .UNSPECIFIED.)
CURVE()
GEOMETRIC_REPRESENTATION_ITEM()
RATIONAL_B_SPLINE_CURVE((1.,1.))
REPRESENTATION_ITEM('')
);
#894=(
BOUNDED_CURVE()
B_SPLINE_CURVE(2,(#1999,#2000,#2001,#2002,#2003),.UNSPECIFIED.,.F.,.F.)
B_SPLINE_CURVE_WITH_KNOTS((3,2,3),(-5.02654824574367,-2.51327412287183,
0.),.UNSPECIFIED.)
CURVE()
GEOMETRIC_REPRESENTATION_ITEM()
RATIONAL_B_SPLINE_CURVE((1.,0.707106781186548,1.,0.707106781186548,1.))
REPRESENTATION_ITEM('')
);
#895=(
BOUNDED_CURVE()
B_SPLINE_CURVE(2,(#2004,#2005,#2006,#2007,#2008),.UNSPECIFIED.,.F.,.F.)
B_SPLINE_CURVE_WITH_KNOTS((3,2,3),(-5.02654824574367,-2.51327412287183,
0.),.UNSPECIFIED.)
CURVE()
GEOMETRIC_REPRESENTATION_ITEM()
RATIONAL_B_SPLINE_CURVE((1.,0.707106781186548,1.,0.707106781186548,1.))
REPRESENTATION_ITEM('')
);
#896=(
BOUNDED_CURVE()
B_SPLINE_CURVE(1,(#2009,#2010),.UNSPECIFIED.,.F.,.F.)
B_SPLINE_CURVE_WITH_KNOTS((2,2),(55.1184571999043,57.1184571999043),
 .UNSPECIFIED.)
CURVE()
GEOMETRIC_REPRESENTATION_ITEM()
RATIONAL_B_SPLINE_CURVE((1.,1.))
REPRESENTATION_ITEM('')
);
#897=(
BOUNDED_CURVE()
B_SPLINE_CURVE(2,(#2011,#2012,#2013,#2014,#2015),.UNSPECIFIED.,.F.,.F.)
B_SPLINE_CURVE_WITH_KNOTS((3,2,3),(5.02654824574367,7.5398223686155,10.0530964914873),
 .UNSPECIFIED.)
CURVE()
GEOMETRIC_REPRESENTATION_ITEM()
RATIONAL_B_SPLINE_CURVE((1.,0.707106781186547,1.,0.707106781186548,1.))
REPRESENTATION_ITEM('')
);
#898=(
BOUNDED_CURVE()
B_SPLINE_CURVE(2,(#2016,#2017,#2018,#2019,#2020),.UNSPECIFIED.,.F.,.F.)
B_SPLINE_CURVE_WITH_KNOTS((3,2,3),(5.02654824574367,7.5398223686155,10.0530964914873),
 .UNSPECIFIED.)
CURVE()
GEOMETRIC_REPRESENTATION_ITEM()
RATIONAL_B_SPLINE_CURVE((1.,0.707106781186548,1.,0.707106781186548,1.))
REPRESENTATION_ITEM('')
);
#899=(
BOUNDED_CURVE()
B_SPLINE_CURVE(1,(#2021,#2022),.UNSPECIFIED.,.F.,.F.)
B_SPLINE_CURVE_WITH_KNOTS((2,2),(109.118457199904,111.118457199904),
 .UNSPECIFIED.)
CURVE()
GEOMETRIC_REPRESENTATION_ITEM()
RATIONAL_B_SPLINE_CURVE((1.,1.))
REPRESENTATION_ITEM('')
);
#900=(
BOUNDED_CURVE()
B_SPLINE_CURVE(2,(#2023,#2024,#2025,#2026,#2027),.UNSPECIFIED.,.F.,.F.)
B_SPLINE_CURVE_WITH_KNOTS((3,2,3),(-5.02654824574367,-2.51327412287183,
0.),.UNSPECIFIED.)
CURVE()
GEOMETRIC_REPRESENTATION_ITEM()
RATIONAL_B_SPLINE_CURVE((1.,0.707106781186548,1.,0.707106781186548,1.))
REPRESENTATION_ITEM('')
);
#901=(
BOUNDED_CURVE()
B_SPLINE_CURVE(2,(#2028,#2029,#2030,#2031,#2032),.UNSPECIFIED.,.F.,.F.)
B_SPLINE_CURVE_WITH_KNOTS((3,2,3),(-5.02654824574367,-2.51327412287183,
0.),.UNSPECIFIED.)
CURVE()
GEOMETRIC_REPRESENTATION_ITEM()
RATIONAL_B_SPLINE_CURVE((1.,0.707106781186548,1.,0.707106781186548,1.))
REPRESENTATION_ITEM('')
);
#902=(
BOUNDED_CURVE()
B_SPLINE_CURVE(1,(#2033,#2034),.UNSPECIFIED.,.F.,.F.)
B_SPLINE_CURVE_WITH_KNOTS((2,2),(55.1184571999043,57.1184571999043),
 .UNSPECIFIED.)
CURVE()
GEOMETRIC_REPRESENTATION_ITEM()
RATIONAL_B_SPLINE_CURVE((1.,1.))
REPRESENTATION_ITEM('')
);
#903=(
BOUNDED_CURVE()
B_SPLINE_CURVE(2,(#2035,#2036,#2037,#2038,#2039),.UNSPECIFIED.,.F.,.F.)
B_SPLINE_CURVE_WITH_KNOTS((3,2,3),(5.02654824574367,7.5398223686155,10.0530964914873),
 .UNSPECIFIED.)
CURVE()
GEOMETRIC_REPRESENTATION_ITEM()
RATIONAL_B_SPLINE_CURVE((1.,0.707106781186547,1.,0.707106781186548,1.))
REPRESENTATION_ITEM('')
);
#904=(
BOUNDED_CURVE()
B_SPLINE_CURVE(2,(#2040,#2041,#2042,#2043,#2044),.UNSPECIFIED.,.F.,.F.)
B_SPLINE_CURVE_WITH_KNOTS((3,2,3),(5.02654824574367,7.5398223686155,10.0530964914873),
 .UNSPECIFIED.)
CURVE()
GEOMETRIC_REPRESENTATION_ITEM()
RATIONAL_B_SPLINE_CURVE((1.,0.707106781186548,1.,0.707106781186548,1.))
REPRESENTATION_ITEM('')
);
#905=(
BOUNDED_CURVE()
B_SPLINE_CURVE(1,(#2045,#2046),.UNSPECIFIED.,.F.,.F.)
B_SPLINE_CURVE_WITH_KNOTS((2,2),(109.118457199904,111.118457199904),
 .UNSPECIFIED.)
CURVE()
GEOMETRIC_REPRESENTATION_ITEM()
RATIONAL_B_SPLINE_CURVE((1.,1.))
REPRESENTATION_ITEM('')
);
#906=(
BOUNDED_CURVE()
B_SPLINE_CURVE(2,(#2047,#2048,#2049,#2050,#2051),.UNSPECIFIED.,.F.,.F.)
B_SPLINE_CURVE_WITH_KNOTS((3,2,3),(-5.02654824574367,-2.51327412287183,
0.),.UNSPECIFIED.)
CURVE()
GEOMETRIC_REPRESENTATION_ITEM()
RATIONAL_B_SPLINE_CURVE((1.,0.707106781186548,1.,0.707106781186548,1.))
REPRESENTATION_ITEM('')
);
#907=(
BOUNDED_CURVE()
B_SPLINE_CURVE(2,(#2052,#2053,#2054,#2055,#2056),.UNSPECIFIED.,.F.,.F.)
B_SPLINE_CURVE_WITH_KNOTS((3,2,3),(-5.02654824574367,-2.51327412287183,
0.),.UNSPECIFIED.)
CURVE()
GEOMETRIC_REPRESENTATION_ITEM()
RATIONAL_B_SPLINE_CURVE((1.,0.707106781186548,1.,0.707106781186548,1.))
REPRESENTATION_ITEM('')
);
#908=(
BOUNDED_CURVE()
B_SPLINE_CURVE(1,(#2057,#2058),.UNSPECIFIED.,.F.,.F.)
B_SPLINE_CURVE_WITH_KNOTS((2,2),(55.1184571999043,57.1184571999043),
 .UNSPECIFIED.)
CURVE()
GEOMETRIC_REPRESENTATION_ITEM()
RATIONAL_B_SPLINE_CURVE((1.,1.))
REPRESENTATION_ITEM('')
);
#909=(
BOUNDED_CURVE()
B_SPLINE_CURVE(2,(#2059,#2060,#2061,#2062,#2063),.UNSPECIFIED.,.F.,.F.)
B_SPLINE_CURVE_WITH_KNOTS((3,2,3),(5.02654824574367,7.5398223686155,10.0530964914873),
 .UNSPECIFIED.)
CURVE()
GEOMETRIC_REPRESENTATION_ITEM()
RATIONAL_B_SPLINE_CURVE((1.,0.707106781186547,1.,0.707106781186548,1.))
REPRESENTATION_ITEM('')
);
#910=(
BOUNDED_CURVE()
B_SPLINE_CURVE(2,(#2064,#2065,#2066,#2067,#2068),.UNSPECIFIED.,.F.,.F.)
B_SPLINE_CURVE_WITH_KNOTS((3,2,3),(5.02654824574367,7.5398223686155,10.0530964914873),
 .UNSPECIFIED.)
CURVE()
GEOMETRIC_REPRESENTATION_ITEM()
RATIONAL_B_SPLINE_CURVE((1.,0.707106781186548,1.,0.707106781186548,1.))
REPRESENTATION_ITEM('')
);
#911=(
BOUNDED_CURVE()
B_SPLINE_CURVE(1,(#2069,#2070),.UNSPECIFIED.,.F.,.F.)
B_SPLINE_CURVE_WITH_KNOTS((2,2),(109.118457199904,111.118457199904),
 .UNSPECIFIED.)
CURVE()
GEOMETRIC_REPRESENTATION_ITEM()
RATIONAL_B_SPLINE_CURVE((1.,1.))
REPRESENTATION_ITEM('')
);
#912=(
BOUNDED_CURVE()
B_SPLINE_CURVE(2,(#2071,#2072,#2073,#2074,#2075),.UNSPECIFIED.,.F.,.F.)
B_SPLINE_CURVE_WITH_KNOTS((3,2,3),(-5.02654824574367,-2.51327412287183,
0.),.UNSPECIFIED.)
CURVE()
GEOMETRIC_REPRESENTATION_ITEM()
RATIONAL_B_SPLINE_CURVE((1.,0.707106781186548,1.,0.707106781186548,1.))
REPRESENTATION_ITEM('')
);
#913=(
BOUNDED_CURVE()
B_SPLINE_CURVE(2,(#2076,#2077,#2078,#2079,#2080),.UNSPECIFIED.,.F.,.F.)
B_SPLINE_CURVE_WITH_KNOTS((3,2,3),(-5.02654824574367,-2.51327412287183,
0.),.UNSPECIFIED.)
CURVE()
GEOMETRIC_REPRESENTATION_ITEM()
RATIONAL_B_SPLINE_CURVE((1.,0.707106781186548,1.,0.707106781186548,1.))
REPRESENTATION_ITEM('')
);
#914=(
BOUNDED_CURVE()
B_SPLINE_CURVE(1,(#2081,#2082),.UNSPECIFIED.,.F.,.F.)
B_SPLINE_CURVE_WITH_KNOTS((2,2),(55.1184571999043,57.1184571999043),
 .UNSPECIFIED.)
CURVE()
GEOMETRIC_REPRESENTATION_ITEM()
RATIONAL_B_SPLINE_CURVE((1.,1.))
REPRESENTATION_ITEM('')
);
#915=(
BOUNDED_CURVE()
B_SPLINE_CURVE(2,(#2083,#2084,#2085,#2086,#2087),.UNSPECIFIED.,.F.,.F.)
B_SPLINE_CURVE_WITH_KNOTS((3,2,3),(12.5663706143592,18.8495559215388,25.1327412287183),
 .UNSPECIFIED.)
CURVE()
GEOMETRIC_REPRESENTATION_ITEM()
RATIONAL_B_SPLINE_CURVE((1.,0.707106781186548,1.,0.707106781186548,1.))
REPRESENTATION_ITEM('')
);
#916=(
BOUNDED_CURVE()
B_SPLINE_CURVE(2,(#2088,#2089,#2090,#2091,#2092),.UNSPECIFIED.,.F.,.F.)
B_SPLINE_CURVE_WITH_KNOTS((3,2,3),(12.5663706143592,18.8495559215388,25.1327412287183),
 .UNSPECIFIED.)
CURVE()
GEOMETRIC_REPRESENTATION_ITEM()
RATIONAL_B_SPLINE_CURVE((1.,0.707106781186548,1.,0.707106781186548,1.))
REPRESENTATION_ITEM('')
);
#917=(
BOUNDED_CURVE()
B_SPLINE_CURVE(1,(#2093,#2094),.UNSPECIFIED.,.F.,.F.)
B_SPLINE_CURVE_WITH_KNOTS((2,2),(109.118457199904,111.118457199904),
 .UNSPECIFIED.)
CURVE()
GEOMETRIC_REPRESENTATION_ITEM()
RATIONAL_B_SPLINE_CURVE((1.,1.))
REPRESENTATION_ITEM('')
);
#918=(
BOUNDED_CURVE()
B_SPLINE_CURVE(2,(#2095,#2096,#2097,#2098,#2099),.UNSPECIFIED.,.F.,.F.)
B_SPLINE_CURVE_WITH_KNOTS((3,2,3),(-12.5663706143592,-6.28318530717959,
0.),.UNSPECIFIED.)
CURVE()
GEOMETRIC_REPRESENTATION_ITEM()
RATIONAL_B_SPLINE_CURVE((1.,0.707106781186548,1.,0.707106781186548,1.))
REPRESENTATION_ITEM('')
);
#919=(
BOUNDED_CURVE()
B_SPLINE_CURVE(2,(#2100,#2101,#2102,#2103,#2104),.UNSPECIFIED.,.F.,.F.)
B_SPLINE_CURVE_WITH_KNOTS((3,2,3),(-12.5663706143592,-6.28318530717959,
0.),.UNSPECIFIED.)
CURVE()
GEOMETRIC_REPRESENTATION_ITEM()
RATIONAL_B_SPLINE_CURVE((1.,0.707106781186548,1.,0.707106781186548,1.))
REPRESENTATION_ITEM('')
);
#920=(
BOUNDED_CURVE()
B_SPLINE_CURVE(1,(#2105,#2106),.UNSPECIFIED.,.F.,.F.)
B_SPLINE_CURVE_WITH_KNOTS((2,2),(62.1554423972712,64.1554423972712),
 .UNSPECIFIED.)
CURVE()
GEOMETRIC_REPRESENTATION_ITEM()
RATIONAL_B_SPLINE_CURVE((1.,1.))
REPRESENTATION_ITEM('')
);
#921=(
BOUNDED_CURVE()
B_SPLINE_CURVE(2,(#2107,#2108,#2109,#2110,#2111),.UNSPECIFIED.,.F.,.F.)
B_SPLINE_CURVE_WITH_KNOTS((3,2,3),(12.5663706143592,18.8495559215388,25.1327412287183),
 .UNSPECIFIED.)
CURVE()
GEOMETRIC_REPRESENTATION_ITEM()
RATIONAL_B_SPLINE_CURVE((1.,0.707106781186548,1.,0.707106781186548,1.))
REPRESENTATION_ITEM('')
);
#922=(
BOUNDED_CURVE()
B_SPLINE_CURVE(2,(#2112,#2113,#2114,#2115,#2116),.UNSPECIFIED.,.F.,.F.)
B_SPLINE_CURVE_WITH_KNOTS((3,2,3),(12.5663706143592,18.8495559215388,25.1327412287183),
 .UNSPECIFIED.)
CURVE()
GEOMETRIC_REPRESENTATION_ITEM()
RATIONAL_B_SPLINE_CURVE((1.,0.707106781186548,1.,0.707106781186548,1.))
REPRESENTATION_ITEM('')
);
#923=(
BOUNDED_CURVE()
B_SPLINE_CURVE(1,(#2117,#2118),.UNSPECIFIED.,.F.,.F.)
B_SPLINE_CURVE_WITH_KNOTS((2,2),(62.1554423972712,64.1554423972712),
 .UNSPECIFIED.)
CURVE()
GEOMETRIC_REPRESENTATION_ITEM()
RATIONAL_B_SPLINE_CURVE((1.,1.))
REPRESENTATION_ITEM('')
);
#924=(
BOUNDED_CURVE()
B_SPLINE_CURVE(2,(#2119,#2120,#2121,#2122,#2123),.UNSPECIFIED.,.F.,.F.)
B_SPLINE_CURVE_WITH_KNOTS((3,2,3),(5.02654824574367,7.5398223686155,10.0530964914873),
 .UNSPECIFIED.)
CURVE()
GEOMETRIC_REPRESENTATION_ITEM()
RATIONAL_B_SPLINE_CURVE((1.,0.707106781186547,1.,0.707106781186548,1.))
REPRESENTATION_ITEM('')
);
#925=(
BOUNDED_CURVE()
B_SPLINE_CURVE(2,(#2124,#2125,#2126,#2127,#2128),.UNSPECIFIED.,.F.,.F.)
B_SPLINE_CURVE_WITH_KNOTS((3,2,3),(5.02654824574367,7.5398223686155,10.0530964914873),
 .UNSPECIFIED.)
CURVE()
GEOMETRIC_REPRESENTATION_ITEM()
RATIONAL_B_SPLINE_CURVE((1.,0.707106781186548,1.,0.707106781186548,1.))
REPRESENTATION_ITEM('')
);
#926=(
BOUNDED_CURVE()
B_SPLINE_CURVE(1,(#2129,#2130),.UNSPECIFIED.,.F.,.F.)
B_SPLINE_CURVE_WITH_KNOTS((2,2),(62.1554423972712,64.1554423972712),
 .UNSPECIFIED.)
CURVE()
GEOMETRIC_REPRESENTATION_ITEM()
RATIONAL_B_SPLINE_CURVE((1.,1.))
REPRESENTATION_ITEM('')
);
#927=(
BOUNDED_CURVE()
B_SPLINE_CURVE(2,(#2131,#2132,#2133,#2134,#2135),.UNSPECIFIED.,.F.,.F.)
B_SPLINE_CURVE_WITH_KNOTS((3,2,3),(5.02654824574367,7.5398223686155,10.0530964914873),
 .UNSPECIFIED.)
CURVE()
GEOMETRIC_REPRESENTATION_ITEM()
RATIONAL_B_SPLINE_CURVE((1.,0.707106781186547,1.,0.707106781186548,1.))
REPRESENTATION_ITEM('')
);
#928=(
BOUNDED_CURVE()
B_SPLINE_CURVE(2,(#2136,#2137,#2138,#2139,#2140),.UNSPECIFIED.,.F.,.F.)
B_SPLINE_CURVE_WITH_KNOTS((3,2,3),(5.02654824574367,7.5398223686155,10.0530964914873),
 .UNSPECIFIED.)
CURVE()
GEOMETRIC_REPRESENTATION_ITEM()
RATIONAL_B_SPLINE_CURVE((1.,0.707106781186548,1.,0.707106781186548,1.))
REPRESENTATION_ITEM('')
);
#929=(
BOUNDED_CURVE()
B_SPLINE_CURVE(1,(#2141,#2142),.UNSPECIFIED.,.F.,.F.)
B_SPLINE_CURVE_WITH_KNOTS((2,2),(62.1554423972712,64.1554423972712),
 .UNSPECIFIED.)
CURVE()
GEOMETRIC_REPRESENTATION_ITEM()
RATIONAL_B_SPLINE_CURVE((1.,1.))
REPRESENTATION_ITEM('')
);
#930=(
BOUNDED_CURVE()
B_SPLINE_CURVE(2,(#2143,#2144,#2145,#2146,#2147),.UNSPECIFIED.,.F.,.F.)
B_SPLINE_CURVE_WITH_KNOTS((3,2,3),(5.02654824574367,7.5398223686155,10.0530964914873),
 .UNSPECIFIED.)
CURVE()
GEOMETRIC_REPRESENTATION_ITEM()
RATIONAL_B_SPLINE_CURVE((1.,0.707106781186548,1.,0.707106781186548,1.))
REPRESENTATION_ITEM('')
);
#931=(
BOUNDED_CURVE()
B_SPLINE_CURVE(2,(#2148,#2149,#2150,#2151,#2152),.UNSPECIFIED.,.F.,.F.)
B_SPLINE_CURVE_WITH_KNOTS((3,2,3),(5.02654824574367,7.5398223686155,10.0530964914873),
 .UNSPECIFIED.)
CURVE()
GEOMETRIC_REPRESENTATION_ITEM()
RATIONAL_B_SPLINE_CURVE((1.,0.707106781186548,1.,0.707106781186548,1.))
REPRESENTATION_ITEM('')
);
#932=(
BOUNDED_CURVE()
B_SPLINE_CURVE(1,(#2153,#2154),.UNSPECIFIED.,.F.,.F.)
B_SPLINE_CURVE_WITH_KNOTS((2,2),(62.1554423972712,64.1554423972712),
 .UNSPECIFIED.)
CURVE()
GEOMETRIC_REPRESENTATION_ITEM()
RATIONAL_B_SPLINE_CURVE((1.,1.))
REPRESENTATION_ITEM('')
);
#933=(
BOUNDED_CURVE()
B_SPLINE_CURVE(2,(#2155,#2156,#2157,#2158,#2159),.UNSPECIFIED.,.F.,.F.)
B_SPLINE_CURVE_WITH_KNOTS((3,2,3),(5.02654824574367,7.5398223686155,10.0530964914873),
 .UNSPECIFIED.)
CURVE()
GEOMETRIC_REPRESENTATION_ITEM()
RATIONAL_B_SPLINE_CURVE((1.,0.707106781186547,1.,0.707106781186548,1.))
REPRESENTATION_ITEM('')
);
#934=(
BOUNDED_CURVE()
B_SPLINE_CURVE(2,(#2160,#2161,#2162,#2163,#2164),.UNSPECIFIED.,.F.,.F.)
B_SPLINE_CURVE_WITH_KNOTS((3,2,3),(5.02654824574367,7.5398223686155,10.0530964914873),
 .UNSPECIFIED.)
CURVE()
GEOMETRIC_REPRESENTATION_ITEM()
RATIONAL_B_SPLINE_CURVE((1.,0.707106781186548,1.,0.707106781186548,1.))
REPRESENTATION_ITEM('')
);
#935=(
BOUNDED_CURVE()
B_SPLINE_CURVE(1,(#2165,#2166),.UNSPECIFIED.,.F.,.F.)
B_SPLINE_CURVE_WITH_KNOTS((2,2),(4.72162552792985,6.21037039390948),
 .UNSPECIFIED.)
CURVE()
GEOMETRIC_REPRESENTATION_ITEM()
RATIONAL_B_SPLINE_CURVE((1.,1.))
REPRESENTATION_ITEM('')
);
#936=(
BOUNDED_CURVE()
B_SPLINE_CURVE(2,(#2167,#2168,#2169,#2170,#2171),.UNSPECIFIED.,.F.,.F.)
B_SPLINE_CURVE_WITH_KNOTS((3,2,3),(5.02654824574367,7.5398223686155,10.0530964914873),
 .UNSPECIFIED.)
CURVE()
GEOMETRIC_REPRESENTATION_ITEM()
RATIONAL_B_SPLINE_CURVE((1.,0.707106781186548,1.,0.707106781186548,1.))
REPRESENTATION_ITEM('')
);
#937=(
BOUNDED_CURVE()
B_SPLINE_CURVE(2,(#2172,#2173,#2174,#2175,#2176),.UNSPECIFIED.,.F.,.F.)
B_SPLINE_CURVE_WITH_KNOTS((3,2,3),(5.02654824574367,7.5398223686155,10.0530964914873),
 .UNSPECIFIED.)
CURVE()
GEOMETRIC_REPRESENTATION_ITEM()
RATIONAL_B_SPLINE_CURVE((1.,0.707106781186548,1.,0.707106781186548,1.))
REPRESENTATION_ITEM('')
);
#938=(
BOUNDED_CURVE()
B_SPLINE_CURVE(1,(#2177,#2178),.UNSPECIFIED.,.F.,.F.)
B_SPLINE_CURVE_WITH_KNOTS((2,2),(4.72162552792985,6.21037039390948),
 .UNSPECIFIED.)
CURVE()
GEOMETRIC_REPRESENTATION_ITEM()
RATIONAL_B_SPLINE_CURVE((1.,1.))
REPRESENTATION_ITEM('')
);
#939=(
BOUNDED_CURVE()
B_SPLINE_CURVE(2,(#2179,#2180,#2181,#2182,#2183),.UNSPECIFIED.,.F.,.F.)
B_SPLINE_CURVE_WITH_KNOTS((3,2,3),(5.02654824574367,7.5398223686155,10.0530964914873),
 .UNSPECIFIED.)
CURVE()
GEOMETRIC_REPRESENTATION_ITEM()
RATIONAL_B_SPLINE_CURVE((1.,0.707106781186547,1.,0.707106781186548,1.))
REPRESENTATION_ITEM('')
);
#940=(
BOUNDED_CURVE()
B_SPLINE_CURVE(2,(#2184,#2185,#2186,#2187,#2188),.UNSPECIFIED.,.F.,.F.)
B_SPLINE_CURVE_WITH_KNOTS((3,2,3),(5.02654824574367,7.5398223686155,10.0530964914873),
 .UNSPECIFIED.)
CURVE()
GEOMETRIC_REPRESENTATION_ITEM()
RATIONAL_B_SPLINE_CURVE((1.,0.707106781186548,1.,0.707106781186548,1.))
REPRESENTATION_ITEM('')
);
#941=(
BOUNDED_CURVE()
B_SPLINE_CURVE(1,(#2189,#2190),.UNSPECIFIED.,.F.,.F.)
B_SPLINE_CURVE_WITH_KNOTS((2,2),(54.,56.),.UNSPECIFIED.)
CURVE()
GEOMETRIC_REPRESENTATION_ITEM()
RATIONAL_B_SPLINE_CURVE((1.,1.))
REPRESENTATION_ITEM('')
);
#942=(
BOUNDED_CURVE()
B_SPLINE_CURVE(2,(#2191,#2192,#2193,#2194,#2195),.UNSPECIFIED.,.F.,.F.)
B_SPLINE_CURVE_WITH_KNOTS((3,2,3),(5.02654824574367,7.5398223686155,10.0530964914873),
 .UNSPECIFIED.)
CURVE()
GEOMETRIC_REPRESENTATION_ITEM()
RATIONAL_B_SPLINE_CURVE((1.,0.707106781186547,1.,0.707106781186548,1.))
REPRESENTATION_ITEM('')
);
#943=(
BOUNDED_CURVE()
B_SPLINE_CURVE(2,(#2196,#2197,#2198,#2199,#2200),.UNSPECIFIED.,.F.,.F.)
B_SPLINE_CURVE_WITH_KNOTS((3,2,3),(5.02654824574367,7.5398223686155,10.0530964914873),
 .UNSPECIFIED.)
CURVE()
GEOMETRIC_REPRESENTATION_ITEM()
RATIONAL_B_SPLINE_CURVE((1.,0.707106781186548,1.,0.707106781186548,1.))
REPRESENTATION_ITEM('')
);
#944=(
BOUNDED_CURVE()
B_SPLINE_CURVE(1,(#2201,#2202),.UNSPECIFIED.,.F.,.F.)
B_SPLINE_CURVE_WITH_KNOTS((2,2),(0.,2.),.UNSPECIFIED.)
CURVE()
GEOMETRIC_REPRESENTATION_ITEM()
RATIONAL_B_SPLINE_CURVE((1.,1.))
REPRESENTATION_ITEM('')
);
#945=(
BOUNDED_CURVE()
B_SPLINE_CURVE(2,(#2203,#2204,#2205,#2206,#2207),.UNSPECIFIED.,.F.,.F.)
B_SPLINE_CURVE_WITH_KNOTS((3,2,3),(-5.02654824574367,-2.51327412287183,
0.),.UNSPECIFIED.)
CURVE()
GEOMETRIC_REPRESENTATION_ITEM()
RATIONAL_B_SPLINE_CURVE((1.,0.707106781186548,1.,0.707106781186548,1.))
REPRESENTATION_ITEM('')
);
#946=(
BOUNDED_CURVE()
B_SPLINE_CURVE(2,(#2208,#2209,#2210,#2211,#2212),.UNSPECIFIED.,.F.,.F.)
B_SPLINE_CURVE_WITH_KNOTS((3,2,3),(-5.02654824574367,-2.51327412287183,
0.),.UNSPECIFIED.)
CURVE()
GEOMETRIC_REPRESENTATION_ITEM()
RATIONAL_B_SPLINE_CURVE((1.,0.707106781186548,1.,0.707106781186548,1.))
REPRESENTATION_ITEM('')
);
#947=VERTEX_POINT('',#1483);
#948=VERTEX_POINT('',#1484);
#949=VERTEX_POINT('',#1485);
#950=VERTEX_POINT('',#1486);
#951=VERTEX_POINT('',#1487);
#952=VERTEX_POINT('',#1488);
#953=VERTEX_POINT('',#1489);
#954=VERTEX_POINT('',#1490);
#955=VERTEX_POINT('',#1491);
#956=VERTEX_POINT('',#1492);
#957=VERTEX_POINT('',#1493);
#958=VERTEX_POINT('',#1494);
#959=VERTEX_POINT('',#1495);
#960=VERTEX_POINT('',#1496);
#961=VERTEX_POINT('',#1497);
#962=VERTEX_POINT('',#1498);
#963=VERTEX_POINT('',#1499);
#964=VERTEX_POINT('',#1500);
#965=VERTEX_POINT('',#1501);
#966=VERTEX_POINT('',#1502);
#967=VERTEX_POINT('',#1503);
#968=VERTEX_POINT('',#1504);
#969=VERTEX_POINT('',#1505);
#970=VERTEX_POINT('',#1506);
#971=VERTEX_POINT('',#1507);
#972=VERTEX_POINT('',#1508);
#973=VERTEX_POINT('',#1509);
#974=VERTEX_POINT('',#1510);
#975=VERTEX_POINT('',#1511);
#976=VERTEX_POINT('',#1512);
#977=VERTEX_POINT('',#1513);
#978=VERTEX_POINT('',#1514);
#979=VERTEX_POINT('',#1515);
#980=VERTEX_POINT('',#1516);
#981=VERTEX_POINT('',#1517);
#982=VERTEX_POINT('',#1518);
#983=VERTEX_POINT('',#1519);
#984=VERTEX_POINT('',#1520);
#985=VERTEX_POINT('',#1521);
#986=VERTEX_POINT('',#1522);
#987=VERTEX_POINT('',#1523);
#988=VERTEX_POINT('',#1524);
#989=VERTEX_POINT('',#1525);
#990=VERTEX_POINT('',#1526);
#991=VERTEX_POINT('',#1527);
#992=VERTEX_POINT('',#1528);
#993=VERTEX_POINT('',#1529);
#994=VERTEX_POINT('',#1530);
#995=VERTEX_POINT('',#1531);
#996=VERTEX_POINT('',#1532);
#997=VERTEX_POINT('',#1533);
#998=VERTEX_POINT('',#1534);
#999=VERTEX_POINT('',#1535);
#1000=VERTEX_POINT('',#1536);
#1001=VERTEX_POINT('',#1537);
#1002=VERTEX_POINT('',#1538);
#1003=VERTEX_POINT('',#1539);
#1004=VERTEX_POINT('',#1540);
#1005=VERTEX_POINT('',#1541);
#1006=VERTEX_POINT('',#1542);
#1007=VERTEX_POINT('',#1543);
#1008=VERTEX_POINT('',#1544);
#1009=VERTEX_POINT('',#1545);
#1010=VERTEX_POINT('',#1546);
#1011=VERTEX_POINT('',#1547);
#1012=VERTEX_POINT('',#1548);
#1013=VERTEX_POINT('',#1549);
#1014=VERTEX_POINT('',#1550);
#1015=VERTEX_POINT('',#1551);
#1016=VERTEX_POINT('',#1552);
#1017=VERTEX_POINT('',#1553);
#1018=VERTEX_POINT('',#1554);
#1019=VERTEX_POINT('',#1555);
#1020=VERTEX_POINT('',#1556);
#1021=VERTEX_POINT('',#1557);
#1022=VERTEX_POINT('',#1558);
#1023=VERTEX_POINT('',#1559);
#1024=VERTEX_POINT('',#1560);
#1025=VERTEX_POINT('',#1561);
#1026=VERTEX_POINT('',#1562);
#1027=VERTEX_POINT('',#1563);
#1028=VERTEX_POINT('',#1564);
#1029=VERTEX_POINT('',#1565);
#1030=VERTEX_POINT('',#1566);
#1031=VERTEX_POINT('',#1567);
#1032=VERTEX_POINT('',#1568);
#1033=VERTEX_POINT('',#1569);
#1034=VERTEX_POINT('',#1570);
#1035=VERTEX_POINT('',#1571);
#1036=VERTEX_POINT('',#1572);
#1037=VERTEX_POINT('',#1573);
#1038=VERTEX_POINT('',#1574);
#1039=VERTEX_POINT('',#1575);
#1040=VERTEX_POINT('',#1576);
#1041=VERTEX_POINT('',#1577);
#1042=VERTEX_POINT('',#1578);
#1043=VERTEX_POINT('',#1579);
#1044=VERTEX_POINT('',#1580);
#1045=VERTEX_POINT('',#1581);
#1046=VERTEX_POINT('',#1582);
#1047=VERTEX_POINT('',#1583);
#1048=VERTEX_POINT('',#1584);
#1049=VERTEX_POINT('',#1585);
#1050=VERTEX_POINT('',#1586);
#1051=VERTEX_POINT('',#1587);
#1052=VERTEX_POINT('',#1588);
#1053=(
BOUNDED_SURFACE()
B_SPLINE_SURFACE(3,3,((#1354,#1355,#1356,#1357),(#1358,#1359,#1360,#1361),
(#1362,#1363,#1364,#1365),(#1366,#1367,#1368,#1369),(#1370,#1371,#1372,
#1373),(#1374,#1375,#1376,#1377),(#1378,#1379,#1380,#1381)),
 .UNSPECIFIED.,.T.,.F.,.F.)
B_SPLINE_SURFACE_WITH_KNOTS((4,3,4),(4,4),(0.,20.4852813742384,40.9705627484768),
(0.,4.47213595499957),.UNSPECIFIED.)
GEOMETRIC_REPRESENTATION_ITEM()
RATIONAL_B_SPLINE_SURFACE(((1.,1.,1.,1.),(0.333333333333333,0.333333333333333,
0.333333333333333,0.333333333333333),(0.333333333333333,0.333333333333333,
0.333333333333333,0.333333333333333),(1.,1.,1.,1.),(0.333333333333333,0.333333333333333,
0.333333333333333,0.333333333333333),(0.333333333333333,0.333333333333333,
0.333333333333333,0.333333333333333),(1.,1.,1.,1.)))
REPRESENTATION_ITEM('')
SURFACE()
);
#1054=(
BOUNDED_SURFACE()
B_SPLINE_SURFACE(3,3,((#1383,#1384,#1385,#1386,#1387,#1388,#1389),(#1390,
#1391,#1392,#1393,#1394,#1395,#1396),(#1397,#1398,#1399,#1400,#1401,#1402,
#1403),(#1404,#1405,#1406,#1407,#1408,#1409,#1410)),.UNSPECIFIED.,.F.,.F.,
 .F.)
B_SPLINE_SURFACE_WITH_KNOTS((4,4),(4,3,4),(-1.83186799063151E-15,4.47213595499958),
(0.,20.4852813742385,40.9705627484771),.UNSPECIFIED.)
GEOMETRIC_REPRESENTATION_ITEM()
RATIONAL_B_SPLINE_SURFACE(((1.,0.333333333333333,0.333333333333333,1.,0.333333333333333,
0.333333333333333,1.),(1.,0.333333333333333,0.333333333333333,1.,0.333333333333333,
0.333333333333333,1.),(1.,0.333333333333333,0.333333333333333,1.,0.333333333333333,
0.333333333333333,1.),(1.,0.333333333333333,0.333333333333333,1.,0.333333333333333,
0.333333333333333,1.)))
REPRESENTATION_ITEM('')
SURFACE()
);
#1055=B_SPLINE_SURFACE_WITH_KNOTS('',3,1,((#1330,#1331),(#1332,#1333),(#1334,
#1335),(#1336,#1337),(#1338,#1339),(#1340,#1341),(#1342,#1343),(#1344,#1345),
(#1346,#1347),(#1348,#1349)),.UNSPECIFIED.,.F.,.F.,.F.,(4,2,2,2,4),(2,2),
(-7.91033905045424E-16,0.25,0.5,0.75,1.),(-1.41725249087349E-5,1.),
 .UNSPECIFIED.);
#1056=B_SPLINE_SURFACE_WITH_KNOTS('',3,1,((#1415,#1416),(#1417,#1418),(#1419,
#1420),(#1421,#1422),(#1423,#1424),(#1425,#1426),(#1427,#1428),(#1429,#1430),
(#1431,#1432),(#1433,#1434)),.UNSPECIFIED.,.F.,.F.,.F.,(4,2,2,2,4),(2,2),
(0.,0.25,0.5,0.75,1.),(-1.41725249197526E-5,1.),.UNSPECIFIED.);
#1057=PLANE('',#1205);
#1058=PLANE('',#1207);
#1059=PLANE('',#1209);
#1060=PLANE('',#1210);
#1061=PLANE('',#1211);
#1062=PLANE('',#1213);
#1063=PLANE('',#1215);
#1064=PLANE('',#1216);
#1065=PLANE('',#1217);
#1066=PLANE('',#1220);
#1067=PLANE('',#1221);
#1068=PLANE('',#1222);
#1069=CYLINDRICAL_SURFACE('',#1204,12.7);
#1070=CYLINDRICAL_SURFACE('',#1206,19.9999999999989);
#1071=CYLINDRICAL_SURFACE('',#1208,12.7);
#1072=CYLINDRICAL_SURFACE('',#1212,12.7);
#1073=CYLINDRICAL_SURFACE('',#1214,19.9999999999989);
#1074=CYLINDRICAL_SURFACE('',#1218,3.);
#1075=CYLINDRICAL_SURFACE('',#1219,3.);
#1076=CYLINDRICAL_SURFACE('',#1223,1.);
#1077=CYLINDRICAL_SURFACE('',#1224,1.);
#1078=CYLINDRICAL_SURFACE('',#1225,1.6);
#1079=CYLINDRICAL_SURFACE('',#1226,1.6);
#1080=CYLINDRICAL_SURFACE('',#1227,1.6);
#1081=CYLINDRICAL_SURFACE('',#1228,1.6);
#1082=CYLINDRICAL_SURFACE('',#1229,1.6);
#1083=CYLINDRICAL_SURFACE('',#1230,1.6);
#1084=CYLINDRICAL_SURFACE('',#1231,1.6);
#1085=CYLINDRICAL_SURFACE('',#1232,1.6);
#1086=CYLINDRICAL_SURFACE('',#1233,4.);
#1087=CYLINDRICAL_SURFACE('',#1234,4.);
#1088=CYLINDRICAL_SURFACE('',#1235,4.);
#1089=CYLINDRICAL_SURFACE('',#1236,1.59999999999997);
#1090=CYLINDRICAL_SURFACE('',#1237,1.60000000000002);
#1091=CYLINDRICAL_SURFACE('',#1238,1.59999999999998);
#1092=CYLINDRICAL_SURFACE('',#1239,1.59999999999997);
#1093=CYLINDRICAL_SURFACE('',#1240,1.59999999999999);
#1094=CYLINDRICAL_SURFACE('',#1241,1.60000000000002);
#1095=CYLINDRICAL_SURFACE('',#1242,1.6);
#1096=CYLINDRICAL_SURFACE('',#1243,1.6);
#1097=CYLINDRICAL_SURFACE('',#1244,1.6);
#1098=CYLINDRICAL_SURFACE('',#1245,1.6);
#1099=CYLINDRICAL_SURFACE('',#1246,1.6);
#1100=CYLINDRICAL_SURFACE('',#1247,1.6);
#1101=CYLINDRICAL_SURFACE('',#1248,1.6);
#1102=CYLINDRICAL_SURFACE('',#1249,1.6);
#1103=CYLINDRICAL_SURFACE('',#1250,1.6);
#1104=CYLINDRICAL_SURFACE('',#1251,1.6);
#1105=CYLINDRICAL_SURFACE('',#1252,4.);
#1106=CYLINDRICAL_SURFACE('',#1253,4.);
#1107=CYLINDRICAL_SURFACE('',#1254,3.99999999999997);
#1108=CYLINDRICAL_SURFACE('',#1255,1.59999999999999);
#1109=CYLINDRICAL_SURFACE('',#1256,1.6);
#1110=CYLINDRICAL_SURFACE('',#1257,1.59999999999999);
#1111=CYLINDRICAL_SURFACE('',#1258,1.59999999999999);
#1112=CYLINDRICAL_SURFACE('',#1259,1.59999999999997);
#1113=CYLINDRICAL_SURFACE('',#1260,1.59999999999999);
#1114=CYLINDRICAL_SURFACE('',#1261,1.6);
#1115=CYLINDRICAL_SURFACE('',#1262,1.6);
#1116=SHAPE_DEFINITION_REPRESENTATION(#1117,#1202);
#1117=PRODUCT_DEFINITION_SHAPE('Document','',#1119);
#1118=PRODUCT_DEFINITION_CONTEXT('3D Mechanical Parts',#1191,'design');
#1119=PRODUCT_DEFINITION('A','First version',#1161,#1118);
#1120=DATE_TIME_ROLE('classification_date');
#1121=DATE_TIME_ROLE('creation_date');
#1122=APPLIED_DATE_AND_TIME_ASSIGNMENT(#1146,#1120,(#1125));
#1123=APPLIED_DATE_AND_TIME_ASSIGNMENT(#1148,#1121,(#1119));
#1124=SECURITY_CLASSIFICATION_LEVEL('unclassified');
#1125=SECURITY_CLASSIFICATION('A','Security for version',#1124);
#1126=APPLIED_SECURITY_CLASSIFICATION_ASSIGNMENT(#1125,(#1161));
#1127=APPROVAL_ROLE('Version approval');
#1128=APPROVAL_ROLE('Version Security approval');
#1129=APPROVAL_ROLE('Definition approval');
#1130=APPROVAL_PERSON_ORGANIZATION(#1179,#1155,#1127);
#1131=APPROVAL_PERSON_ORGANIZATION(#1180,#1156,#1128);
#1132=APPROVAL_PERSON_ORGANIZATION(#1183,#1157,#1129);
#1133=COORDINATED_UNIVERSAL_TIME_OFFSET(5,0,.BEHIND.);
#1134=LOCAL_TIME(0,0,0.,#1133);
#1135=LOCAL_TIME(0,0,0.,#1133);
#1136=LOCAL_TIME(0,0,0.,#1133);
#1137=LOCAL_TIME(0,0,0.,#1133);
#1138=LOCAL_TIME(0,0,0.,#1133);
#1139=CALENDAR_DATE(1999,1,1);
#1140=CALENDAR_DATE(1999,1,1);
#1141=CALENDAR_DATE(1999,1,1);
#1142=CALENDAR_DATE(1999,1,1);
#1143=CALENDAR_DATE(1999,1,1);
#1144=DATE_AND_TIME(#1139,#1134);
#1145=DATE_AND_TIME(#1140,#1135);
#1146=DATE_AND_TIME(#1141,#1136);
#1147=DATE_AND_TIME(#1142,#1137);
#1148=DATE_AND_TIME(#1143,#1138);
#1149=APPROVAL_DATE_TIME(#1144,#1155);
#1150=APPROVAL_DATE_TIME(#1145,#1156);
#1151=APPROVAL_DATE_TIME(#1147,#1157);
#1152=APPROVAL_STATUS('not_yet_approved');
#1153=APPROVAL_STATUS('not_yet_approved');
#1154=APPROVAL_STATUS('approved');
#1155=APPROVAL(#1152,'Version approval');
#1156=APPROVAL(#1153,'Version Security approval');
#1157=APPROVAL(#1154,'Definition approval');
#1158=APPLIED_APPROVAL_ASSIGNMENT(#1155,(#1161));
#1159=APPLIED_APPROVAL_ASSIGNMENT(#1156,(#1125));
#1160=APPLIED_APPROVAL_ASSIGNMENT(#1157,(#1119));
#1161=PRODUCT_DEFINITION_FORMATION_WITH_SPECIFIED_SOURCE('A',
'First version',#1193,.MADE.);
#1162=PERSON_AND_ORGANIZATION_ROLE('design_owner');
#1163=PERSON_AND_ORGANIZATION_ROLE('creator');
#1164=PERSON_AND_ORGANIZATION_ROLE('design_supplier');
#1165=PERSON_AND_ORGANIZATION_ROLE('classification_officer');
#1166=PERSON_AND_ORGANIZATION_ROLE('creator');
#1167=ORGANIZATION('STI','lab','lab');
#1168=ORGANIZATION('STI','unknown','unknown');
#1169=ORGANIZATION('STI','unknown','unknown');
#1170=ORGANIZATION('STI','unknown','unknown');
#1171=ORGANIZATION('STI','unknown','unknown');
#1172=ORGANIZATION('STI','unknown','unknown');
#1173=ORGANIZATION('STI','unknown','unknown');
#1174=PERSON('1','Box','vc60',$,$,$);
#1175=PERSON('2','last','first',$,$,$);
#1176=PERSON('3','President','Mr.',$,$,$);
#1177=PERSON_AND_ORGANIZATION(#1174,#1167);
#1178=PERSON_AND_ORGANIZATION(#1175,#1168);
#1179=PERSON_AND_ORGANIZATION(#1176,#1169);
#1180=PERSON_AND_ORGANIZATION(#1176,#1170);
#1181=PERSON_AND_ORGANIZATION(#1176,#1171);
#1182=PERSON_AND_ORGANIZATION(#1175,#1172);
#1183=PERSON_AND_ORGANIZATION(#1176,#1173);
#1184=APPLIED_PERSON_AND_ORGANIZATION_ASSIGNMENT(#1177,#1162,(#1193));
#1185=APPLIED_PERSON_AND_ORGANIZATION_ASSIGNMENT(#1178,#1163,(#1161));
#1186=APPLIED_PERSON_AND_ORGANIZATION_ASSIGNMENT(#1178,#1164,(#1161));
#1187=APPLIED_PERSON_AND_ORGANIZATION_ASSIGNMENT(#1181,#1165,(#1125));
#1188=APPLIED_PERSON_AND_ORGANIZATION_ASSIGNMENT(#1182,#1166,(#1119));
#1189=PRODUCT_RELATED_PRODUCT_CATEGORY('detail','detail',(#1193));
#1190=APPLICATION_PROTOCOL_DEFINITION('International Standard',
'config_control_design',1994,#1191);
#1191=APPLICATION_CONTEXT(
'configuration controlled 3d designs of mechanical parts and assemblie
s');
#1192=PRODUCT_CONTEXT('3D Mechanical Parts',#1191,'mechanical');
#1193=PRODUCT('Document','Document','',(#1192));
#1194=(
LENGTH_UNIT()
NAMED_UNIT(*)
SI_UNIT(.MILLI.,.METRE.)
);
#1195=(
NAMED_UNIT(*)
PLANE_ANGLE_UNIT()
SI_UNIT($,.RADIAN.)
);
#1196=DIMENSIONAL_EXPONENTS(0.,0.,0.,0.,0.,0.,0.);
#1197=PLANE_ANGLE_MEASURE_WITH_UNIT(PLANE_ANGLE_MEASURE(0.01745329252),
#1195);
#1198=(
CONVERSION_BASED_UNIT('DEGREES',#1197)
NAMED_UNIT(#1196)
PLANE_ANGLE_UNIT()
);
#1199=(
NAMED_UNIT(*)
SI_UNIT($,.STERADIAN.)
SOLID_ANGLE_UNIT()
);
#1200=UNCERTAINTY_MEASURE_WITH_UNIT(LENGTH_MEASURE(0.001),#1194,
'DISTANCE_ACCURACY_VALUE',
'Maximum model space distance between geometric entities at asserted c
onnectivities');
#1201=(
GEOMETRIC_REPRESENTATION_CONTEXT(3)
GLOBAL_UNCERTAINTY_ASSIGNED_CONTEXT((#1200))
GLOBAL_UNIT_ASSIGNED_CONTEXT((#1199,#1198,#1194))
REPRESENTATION_CONTEXT('ID1','3D')
);
#1202=SHAPE_REPRESENTATION('Document',(#1203,#1263),#1201);
#1203=AXIS2_PLACEMENT_3D('',#1327,#1264,#1265);
#1204=AXIS2_PLACEMENT_3D('',#1328,#1266,$);
#1205=AXIS2_PLACEMENT_3D('',#1329,#1267,$);
#1206=AXIS2_PLACEMENT_3D('',#1350,#1268,$);
#1207=AXIS2_PLACEMENT_3D('',#1351,#1269,$);
#1208=AXIS2_PLACEMENT_3D('',#1352,#1270,$);
#1209=AXIS2_PLACEMENT_3D('',#1353,#1271,$);
#1210=AXIS2_PLACEMENT_3D('',#1382,#1272,$);
#1211=AXIS2_PLACEMENT_3D('',#1411,#1273,$);
#1212=AXIS2_PLACEMENT_3D('',#1412,#1274,$);
#1213=AXIS2_PLACEMENT_3D('',#1413,#1275,$);
#1214=AXIS2_PLACEMENT_3D('',#1414,#1276,$);
#1215=AXIS2_PLACEMENT_3D('',#1435,#1277,$);
#1216=AXIS2_PLACEMENT_3D('',#1436,#1278,$);
#1217=AXIS2_PLACEMENT_3D('',#1437,#1279,$);
#1218=AXIS2_PLACEMENT_3D('',#1438,#1280,$);
#1219=AXIS2_PLACEMENT_3D('',#1439,#1281,$);
#1220=AXIS2_PLACEMENT_3D('',#1440,#1282,$);
#1221=AXIS2_PLACEMENT_3D('',#1441,#1283,$);
#1222=AXIS2_PLACEMENT_3D('',#1442,#1284,$);
#1223=AXIS2_PLACEMENT_3D('',#1443,#1285,$);
#1224=AXIS2_PLACEMENT_3D('',#1444,#1286,$);
#1225=AXIS2_PLACEMENT_3D('',#1445,#1287,$);
#1226=AXIS2_PLACEMENT_3D('',#1446,#1288,$);
#1227=AXIS2_PLACEMENT_3D('',#1447,#1289,$);
#1228=AXIS2_PLACEMENT_3D('',#1448,#1290,$);
#1229=AXIS2_PLACEMENT_3D('',#1449,#1291,$);
#1230=AXIS2_PLACEMENT_3D('',#1450,#1292,$);
#1231=AXIS2_PLACEMENT_3D('',#1451,#1293,$);
#1232=AXIS2_PLACEMENT_3D('',#1452,#1294,$);
#1233=AXIS2_PLACEMENT_3D('',#1453,#1295,$);
#1234=AXIS2_PLACEMENT_3D('',#1454,#1296,$);
#1235=AXIS2_PLACEMENT_3D('',#1455,#1297,$);
#1236=AXIS2_PLACEMENT_3D('',#1456,#1298,$);
#1237=AXIS2_PLACEMENT_3D('',#1457,#1299,$);
#1238=AXIS2_PLACEMENT_3D('',#1458,#1300,$);
#1239=AXIS2_PLACEMENT_3D('',#1459,#1301,$);
#1240=AXIS2_PLACEMENT_3D('',#1460,#1302,$);
#1241=AXIS2_PLACEMENT_3D('',#1461,#1303,$);
#1242=AXIS2_PLACEMENT_3D('',#1462,#1304,$);
#1243=AXIS2_PLACEMENT_3D('',#1463,#1305,$);
#1244=AXIS2_PLACEMENT_3D('',#1464,#1306,$);
#1245=AXIS2_PLACEMENT_3D('',#1465,#1307,$);
#1246=AXIS2_PLACEMENT_3D('',#1466,#1308,$);
#1247=AXIS2_PLACEMENT_3D('',#1467,#1309,$);
#1248=AXIS2_PLACEMENT_3D('',#1468,#1310,$);
#1249=AXIS2_PLACEMENT_3D('',#1469,#1311,$);
#1250=AXIS2_PLACEMENT_3D('',#1470,#1312,$);
#1251=AXIS2_PLACEMENT_3D('',#1471,#1313,$);
#1252=AXIS2_PLACEMENT_3D('',#1472,#1314,$);
#1253=AXIS2_PLACEMENT_3D('',#1473,#1315,$);
#1254=AXIS2_PLACEMENT_3D('',#1474,#1316,$);
#1255=AXIS2_PLACEMENT_3D('',#1475,#1317,$);
#1256=AXIS2_PLACEMENT_3D('',#1476,#1318,$);
#1257=AXIS2_PLACEMENT_3D('',#1477,#1319,$);
#1258=AXIS2_PLACEMENT_3D('',#1478,#1320,$);
#1259=AXIS2_PLACEMENT_3D('',#1479,#1321,$);
#1260=AXIS2_PLACEMENT_3D('',#1480,#1322,$);
#1261=AXIS2_PLACEMENT_3D('',#1481,#1323,$);
#1262=AXIS2_PLACEMENT_3D('',#1482,#1324,$);
#1263=AXIS2_PLACEMENT_3D('',#2213,#1325,#1326);
#1264=DIRECTION('',(0.,0.,1.));
#1265=DIRECTION('',(1.,0.,0.));
#1266=DIRECTION('',(0.,0.,-1.));
#1267=DIRECTION('',(1.,0.,0.));
#1268=DIRECTION('',(0.,0.,1.));
#1269=DIRECTION('',(0.707106781186548,0.707106781186547,0.));
#1270=DIRECTION('',(0.,0.,1.));
#1271=DIRECTION('',(-0.707106781186565,-0.707106781186531,0.));
#1272=DIRECTION('',(-1.,0.,0.));
#1273=DIRECTION('',(-0.707106781186549,-0.707106781186546,-1.57009245868377E-16));
#1274=DIRECTION('',(0.,0.,-1.));
#1275=DIRECTION('',(0.707106781186548,0.707106781186547,0.));
#1276=DIRECTION('',(0.,0.,-1.));
#1277=DIRECTION('',(0.,0.,-1.));
#1278=DIRECTION('',(0.,-1.,0.));
#1279=DIRECTION('',(0.,0.,1.));
#1280=DIRECTION('',(-1.,0.,0.));
#1281=DIRECTION('',(1.,0.,0.));
#1282=DIRECTION('',(0.,0.,1.));
#1283=DIRECTION('',(0.,1.,0.));
#1284=DIRECTION('',(0.,0.,-1.));
#1285=DIRECTION('',(-1.,0.,0.));
#1286=DIRECTION('',(1.,0.,0.));
#1287=DIRECTION('',(0.,0.,1.));
#1288=DIRECTION('',(0.,0.,1.));
#1289=DIRECTION('',(0.,0.,1.));
#1290=DIRECTION('',(0.,0.,1.));
#1291=DIRECTION('',(0.,0.,1.));
#1292=DIRECTION('',(0.,0.,1.));
#1293=DIRECTION('',(0.,0.,1.));
#1294=DIRECTION('',(0.,0.,1.));
#1295=DIRECTION('',(0.,0.,1.));
#1296=DIRECTION('',(0.,0.,1.));
#1297=DIRECTION('',(0.,1.,0.));
#1298=DIRECTION('',(0.,1.,0.));
#1299=DIRECTION('',(0.,1.,0.));
#1300=DIRECTION('',(0.,1.,0.));
#1301=DIRECTION('',(0.,1.,0.));
#1302=DIRECTION('',(0.,-1.,0.));
#1303=DIRECTION('',(0.,-1.,0.));
#1304=DIRECTION('',(0.,0.,-1.));
#1305=DIRECTION('',(0.,0.,-1.));
#1306=DIRECTION('',(0.,0.,1.));
#1307=DIRECTION('',(0.,0.,1.));
#1308=DIRECTION('',(0.,0.,1.));
#1309=DIRECTION('',(0.,0.,1.));
#1310=DIRECTION('',(0.,0.,1.));
#1311=DIRECTION('',(0.,0.,1.));
#1312=DIRECTION('',(0.,0.,1.));
#1313=DIRECTION('',(0.,0.,1.));
#1314=DIRECTION('',(0.,0.,1.));
#1315=DIRECTION('',(0.,0.,1.));
#1316=DIRECTION('',(0.,1.,0.));
#1317=DIRECTION('',(0.,1.,0.));
#1318=DIRECTION('',(0.,1.,0.));
#1319=DIRECTION('',(0.,1.,0.));
#1320=DIRECTION('',(0.,1.,0.));
#1321=DIRECTION('',(0.,-1.,0.));
#1322=DIRECTION('',(0.,-1.,0.));
#1323=DIRECTION('',(0.,0.,-1.));
#1324=DIRECTION('',(0.,0.,-1.));
#1325=DIRECTION('',(0.,0.,1.));
#1326=DIRECTION('',(1.,0.,0.));
#1327=CARTESIAN_POINT('',(0.,0.,0.));
#1328=CARTESIAN_POINT('',(-184.220849082477,32.45888000073,1.));
#1329=CARTESIAN_POINT('',(-148.621361324616,6.35900000072999,58.00012));
#1330=CARTESIAN_POINT('',(-148.631074596489,7.15888000072999,56.0000283450498));
#1331=CARTESIAN_POINT('',(-148.631074596489,7.15888000072999,54.));
#1332=CARTESIAN_POINT('',(-148.62006993253,6.8059083056935,56.0000283450498));
#1333=CARTESIAN_POINT('',(-148.620069832967,7.04122281624315,54.));
#1334=CARTESIAN_POINT('',(-148.613941148213,6.42140529671262,55.9350226673706));
#1335=CARTESIAN_POINT('',(-148.613941148213,6.91305742200861,53.9783316455038));
#1336=CARTESIAN_POINT('',(-148.607988317541,5.68238761540244,55.6416277620276));
#1337=CARTESIAN_POINT('',(-148.607988317541,6.66672052238245,53.8805342677466));
#1338=CARTESIAN_POINT('',(-148.608151355956,5.32929983462623,55.4130505292067));
#1339=CARTESIAN_POINT('',(-148.608151355956,6.54902570747885,53.8043425766921));
#1340=CARTESIAN_POINT('',(-148.611231827582,4.74614366148834,54.8299944803216));
#1341=CARTESIAN_POINT('',(-148.611231827582,6.35464215303673,53.6099923966856));
#1342=CARTESIAN_POINT('',(-148.614149260794,4.51747409529899,54.4769123578847));
#1343=CARTESIAN_POINT('',(-148.614149260794,6.27841968448351,53.4922994678773));
#1344=CARTESIAN_POINT('',(-148.619214009311,4.22392064066571,53.7377728816441));
#1345=CARTESIAN_POINT('',(-148.619214009311,6.18056945746227,53.2459219703245));
#1346=CARTESIAN_POINT('',(-148.621361324616,4.15885165568017,53.3531439791747));
#1347=CARTESIAN_POINT('',(-148.621361324616,6.15888000073,53.1177135475261));
#1348=CARTESIAN_POINT('',(-148.621361324616,4.15885165568017,53.));
#1349=CARTESIAN_POINT('',(-148.621361324616,6.15888000073,53.));
#1350=CARTESIAN_POINT('',(-168.621361324602,6.5356332375506,54.9999999999993));
#1351=CARTESIAN_POINT('',(-152.40296897483,18.6015121352209,53.79988));
#1352=CARTESIAN_POINT('',(-184.220849082477,32.45888000073,55.));
#1353=CARTESIAN_POINT('',(-194.833198995719,25.1107176718338,53.79988));
#1354=CARTESIAN_POINT('',(-173.881361324616,6.15888000072999,53.));
#1355=CARTESIAN_POINT('',(-173.881361324616,5.49221333406332,53.));
#1356=CARTESIAN_POINT('',(-173.881361324616,4.82554666739666,53.));
#1357=CARTESIAN_POINT('',(-173.881361324616,4.15888000072999,53.));
#1358=CARTESIAN_POINT('',(-173.881361324616,6.15888000072999,51.));
#1359=CARTESIAN_POINT('',(-173.881361324616,5.49221333406332,49.6666666666667));
#1360=CARTESIAN_POINT('',(-173.881361324616,4.82554666739666,48.3333333333333));
#1361=CARTESIAN_POINT('',(-173.881361324616,4.15888000072999,47.));
#1362=CARTESIAN_POINT('',(-179.881361324616,8.15888000072999,51.));
#1363=CARTESIAN_POINT('',(-179.881361324616,8.82554666739666,49.6666666666667));
#1364=CARTESIAN_POINT('',(-179.881361324616,9.49221333406333,48.3333333333333));
#1365=CARTESIAN_POINT('',(-179.881361324616,10.15888000073,47.));
#1366=CARTESIAN_POINT('',(-179.881361324616,8.15888000072999,53.));
#1367=CARTESIAN_POINT('',(-179.881361324616,8.82554666739666,53.));
#1368=CARTESIAN_POINT('',(-179.881361324616,9.49221333406332,53.));
#1369=CARTESIAN_POINT('',(-179.881361324616,10.15888000073,53.));
#1370=CARTESIAN_POINT('',(-179.881361324616,8.15888000072999,55.));
#1371=CARTESIAN_POINT('',(-179.881361324616,8.82554666739666,56.3333333333333));
#1372=CARTESIAN_POINT('',(-179.881361324616,9.49221333406333,57.6666666666667));
#1373=CARTESIAN_POINT('',(-179.881361324616,10.15888000073,59.));
#1374=CARTESIAN_POINT('',(-173.881361324616,6.15888000072999,55.));
#1375=CARTESIAN_POINT('',(-173.881361324616,5.49221333406332,56.3333333333333));
#1376=CARTESIAN_POINT('',(-173.881361324616,4.82554666739666,57.6666666666667));
#1377=CARTESIAN_POINT('',(-173.881361324616,4.15888000072999,59.));
#1378=CARTESIAN_POINT('',(-173.881361324616,6.15888000072999,53.));
#1379=CARTESIAN_POINT('',(-173.881361324616,5.49221333406332,53.));
#1380=CARTESIAN_POINT('',(-173.881361324616,4.82554666739666,53.));
#1381=CARTESIAN_POINT('',(-173.881361324616,4.15888000072999,53.));
#1382=CARTESIAN_POINT('',(-173.881361324616,6.35900000072995,-2.00012));
#1383=CARTESIAN_POINT('',(-179.881361324615,10.15888000073,3.));
#1384=CARTESIAN_POINT('',(-179.881361324615,10.15888000073,9.));
#1385=CARTESIAN_POINT('',(-173.881361324615,4.15888000072999,9.));
#1386=CARTESIAN_POINT('',(-173.881361324615,4.15888000072999,3.));
#1387=CARTESIAN_POINT('',(-173.881361324615,4.15888000072999,-3.));
#1388=CARTESIAN_POINT('',(-179.881361324615,10.15888000073,-3.));
#1389=CARTESIAN_POINT('',(-179.881361324615,10.15888000073,3.));
#1390=CARTESIAN_POINT('',(-179.881361324615,9.49221333406333,3.));
#1391=CARTESIAN_POINT('',(-179.881361324615,9.49221333406333,7.66666666666667));
#1392=CARTESIAN_POINT('',(-173.881361324615,4.82554666739666,7.66666666666667));
#1393=CARTESIAN_POINT('',(-173.881361324615,4.82554666739666,3.));
#1394=CARTESIAN_POINT('',(-173.881361324615,4.82554666739666,-1.66666666666667));
#1395=CARTESIAN_POINT('',(-179.881361324615,9.49221333406333,-1.66666666666667));
#1396=CARTESIAN_POINT('',(-179.881361324615,9.49221333406333,3.));
#1397=CARTESIAN_POINT('',(-179.881361324615,8.82554666739666,3.));
#1398=CARTESIAN_POINT('',(-179.881361324615,8.82554666739666,6.33333333333333));
#1399=CARTESIAN_POINT('',(-173.881361324615,5.49221333406332,6.33333333333333));
#1400=CARTESIAN_POINT('',(-173.881361324615,5.49221333406333,3.));
#1401=CARTESIAN_POINT('',(-173.881361324615,5.49221333406333,-0.333333333333333));
#1402=CARTESIAN_POINT('',(-179.881361324615,8.82554666739666,-0.333333333333333));
#1403=CARTESIAN_POINT('',(-179.881361324615,8.82554666739666,3.));
#1404=CARTESIAN_POINT('',(-179.881361324615,8.15888000072999,3.));
#1405=CARTESIAN_POINT('',(-179.881361324615,8.15888000072999,5.));
#1406=CARTESIAN_POINT('',(-173.881361324615,6.15888000072999,5.));
#1407=CARTESIAN_POINT('',(-173.881361324615,6.15888000072999,3.));
#1408=CARTESIAN_POINT('',(-173.881361324615,6.15888000072999,1.));
#1409=CARTESIAN_POINT('',(-179.881361324615,8.15888000072999,1.));
#1410=CARTESIAN_POINT('',(-179.881361324615,8.15888000072999,3.));
#1411=CARTESIAN_POINT('',(-194.833198995719,25.1107176718336,2.20012));
#1412=CARTESIAN_POINT('',(-184.220849082477,32.45888000073,1.));
#1413=CARTESIAN_POINT('',(-152.402968974835,18.6015121352253,2.20012));
#1414=CARTESIAN_POINT('',(-168.621361324628,6.53563323753974,0.999999999999212));
#1415=CARTESIAN_POINT('',(-148.621361324616,4.15885165568015,3.));
#1416=CARTESIAN_POINT('',(-148.621361324616,6.15888000072999,3.));
#1417=CARTESIAN_POINT('',(-148.621361324616,4.15885165568015,2.64685602082531));
#1418=CARTESIAN_POINT('',(-148.621361324616,6.15888000072999,2.88228645247389));
#1419=CARTESIAN_POINT('',(-148.619214009312,4.22392064066569,2.26222711835585));
#1420=CARTESIAN_POINT('',(-148.619214009312,6.18056945746226,2.75407802967545));
#1421=CARTESIAN_POINT('',(-148.6141492608,4.51747409529898,1.52308764211523));
#1422=CARTESIAN_POINT('',(-148.6141492608,6.2784196844835,2.50770053212273));
#1423=CARTESIAN_POINT('',(-148.611231827592,4.74614366148833,1.17000551967833));
#1424=CARTESIAN_POINT('',(-148.611231827592,6.35464215303673,2.39000760331441));
#1425=CARTESIAN_POINT('',(-148.608151355972,5.32929983462622,0.586949470793299));
#1426=CARTESIAN_POINT('',(-148.608151355972,6.54902570747885,2.19565742330791));
#1427=CARTESIAN_POINT('',(-148.607988317561,5.68238761540243,0.358372237972429));
#1428=CARTESIAN_POINT('',(-148.607988317561,6.66672052238245,2.11946573225338));
#1429=CARTESIAN_POINT('',(-148.613941148238,6.42140529671261,0.0649773326293464));
#1430=CARTESIAN_POINT('',(-148.613941148238,6.91305742200861,2.0216683544962));
#1431=CARTESIAN_POINT('',(-148.620069932557,6.80590830569349,-2.83450498393713E-5));
#1432=CARTESIAN_POINT('',(-148.620069832994,7.04122281624315,2.));
#1433=CARTESIAN_POINT('',(-148.631074596516,7.15888000072999,-2.83450498393592E-5));
#1434=CARTESIAN_POINT('',(-148.631074596516,7.15888000072999,2.));
#1435=CARTESIAN_POINT('',(-143.80197714792,3.13069285830885,0.));
#1436=CARTESIAN_POINT('',(-176.407481324616,4.15888000072999,58.00012));
#1437=CARTESIAN_POINT('',(-207.536510295288,2.83270874943796,56.));
#1438=CARTESIAN_POINT('',(-162.744674821088,7.15888000072999,3.));
#1439=CARTESIAN_POINT('',(-162.744674821078,7.15888000072999,53.));
#1440=CARTESIAN_POINT('',(-143.80197714792,3.13069285830885,2.));
#1441=CARTESIAN_POINT('',(-176.407481324616,6.15888000072999,58.00012));
#1442=CARTESIAN_POINT('',(-207.536510295288,2.83270874943796,54.));
#1443=CARTESIAN_POINT('',(-162.744674821088,7.15888000072999,3.));
#1444=CARTESIAN_POINT('',(-162.744674821078,7.15888000072999,53.));
#1445=CARTESIAN_POINT('',(-189.170596550783,37.4086274690359,7.03698519736711));
#1446=CARTESIAN_POINT('',(-189.170596550783,37.4086274690359,7.03698519736711));
#1447=CARTESIAN_POINT('',(-189.170596550783,27.5091325324242,7.03698519736711));
#1448=CARTESIAN_POINT('',(-189.170596550783,27.5091325324242,7.03698519736711));
#1449=CARTESIAN_POINT('',(-179.271101614171,37.4086274690359,7.03698519736711));
#1450=CARTESIAN_POINT('',(-179.271101614171,37.4086274690359,7.03698519736711));
#1451=CARTESIAN_POINT('',(-179.271101614171,27.5091325324242,7.03698519736711));
#1452=CARTESIAN_POINT('',(-179.271101614171,27.5091325324242,7.03698519736711));
#1453=CARTESIAN_POINT('',(-184.220849082477,32.4588800007301,7.03698519736711));
#1454=CARTESIAN_POINT('',(-184.220849082477,32.4588800007301,7.03698519736711));
#1455=CARTESIAN_POINT('',(-161.251361324616,4.1588800007302,28.));
#1456=CARTESIAN_POINT('',(-161.251361324616,4.1588800007302,35.));
#1457=CARTESIAN_POINT('',(-154.251361324616,4.1588800007302,28.));
#1458=CARTESIAN_POINT('',(-168.251361324616,4.1588800007302,28.));
#1459=CARTESIAN_POINT('',(-161.251361324616,4.1588800007302,21.0000000000001));
#1460=CARTESIAN_POINT('',(-161.251361324616,-20.1357235373223,47.));
#1461=CARTESIAN_POINT('',(-161.251361324616,-20.1357235373223,9.));
#1462=CARTESIAN_POINT('',(-170.785820239933,19.0238511581854,7.50725849647233));
#1463=CARTESIAN_POINT('',(-170.785820239933,19.0238511581854,7.50725849647233));
#1464=CARTESIAN_POINT('',(-189.170596550783,37.4086274690359,7.03698519736711));
#1465=CARTESIAN_POINT('',(-189.170596550783,37.4086274690359,7.03698519736711));
#1466=CARTESIAN_POINT('',(-189.170596550783,27.5091325324242,7.03698519736711));
#1467=CARTESIAN_POINT('',(-189.170596550783,27.5091325324242,7.03698519736711));
#1468=CARTESIAN_POINT('',(-179.271101614171,37.4086274690359,7.03698519736711));
#1469=CARTESIAN_POINT('',(-179.271101614171,37.4086274690359,7.03698519736711));
#1470=CARTESIAN_POINT('',(-179.271101614171,27.5091325324242,7.03698519736711));
#1471=CARTESIAN_POINT('',(-179.271101614171,27.5091325324242,7.03698519736711));
#1472=CARTESIAN_POINT('',(-184.220849082477,32.4588800007301,7.03698519736711));
#1473=CARTESIAN_POINT('',(-184.220849082477,32.4588800007301,7.03698519736711));
#1474=CARTESIAN_POINT('',(-161.251361324616,4.1588800007302,28.));
#1475=CARTESIAN_POINT('',(-161.251361324616,4.1588800007302,35.));
#1476=CARTESIAN_POINT('',(-154.251361324616,4.1588800007302,28.));
#1477=CARTESIAN_POINT('',(-168.251361324616,4.1588800007302,28.));
#1478=CARTESIAN_POINT('',(-161.251361324616,4.1588800007302,21.));
#1479=CARTESIAN_POINT('',(-161.251361324616,-20.1357235373223,47.));
#1480=CARTESIAN_POINT('',(-161.251361324616,-20.1357235373223,9.00000000000006));
#1481=CARTESIAN_POINT('',(-170.785820239933,19.0238511581854,7.50725849647233));
#1482=CARTESIAN_POINT('',(-170.785820239933,19.0238511581854,7.50725849647233));
#1483=CARTESIAN_POINT('',(-193.201104661982,23.4786233380969,2.));
#1484=CARTESIAN_POINT('',(-196.920849082477,32.45888000073,2.));
#1485=CARTESIAN_POINT('',(-196.920849082477,32.45888000073,0.));
#1486=CARTESIAN_POINT('',(-193.201104661982,23.4786233380969,0.));
#1487=CARTESIAN_POINT('',(-148.621361324616,6.15888000072999,3.));
#1488=CARTESIAN_POINT('',(-148.621361324616,4.15888000072999,3.));
#1489=CARTESIAN_POINT('',(-148.621361324616,6.15888000072999,53.));
#1490=CARTESIAN_POINT('',(-148.621361324616,4.15888000072999,53.));
#1491=CARTESIAN_POINT('',(-148.631074596489,7.15888000072999,54.));
#1492=CARTESIAN_POINT('',(-148.631074596489,7.15888000072999,56.));
#1493=CARTESIAN_POINT('',(-154.479225700883,20.6777688612735,54.));
#1494=CARTESIAN_POINT('',(-154.479225700883,20.6777688612735,56.));
#1495=CARTESIAN_POINT('',(-175.240592961408,41.439136121799,54.));
#1496=CARTESIAN_POINT('',(-175.240592961408,41.439136121799,56.));
#1497=CARTESIAN_POINT('',(-193.201104661982,23.478623338097,54.));
#1498=CARTESIAN_POINT('',(-193.201104661982,23.478623338097,56.));
#1499=CARTESIAN_POINT('',(-176.881361324616,7.15888000072999,54.));
#1500=CARTESIAN_POINT('',(-176.881361324616,7.15888000072999,56.));
#1501=CARTESIAN_POINT('',(-173.881361324616,6.15888000072999,53.));
#1502=CARTESIAN_POINT('',(-173.881361324616,4.1588800007304,53.));
#1503=CARTESIAN_POINT('',(-173.881361324616,6.15888000072999,3.));
#1504=CARTESIAN_POINT('',(-173.881361324616,4.1588800007304,3.));
#1505=CARTESIAN_POINT('',(-176.881361324615,7.15888000072999,2.));
#1506=CARTESIAN_POINT('',(-176.881361324615,7.15888000072999,0.));
#1507=CARTESIAN_POINT('',(-175.240592961408,41.439136121799,2.));
#1508=CARTESIAN_POINT('',(-175.240592961408,41.439136121799,0.));
#1509=CARTESIAN_POINT('',(-154.479225700887,20.6777688612774,2.));
#1510=CARTESIAN_POINT('',(-154.479225700887,20.6777688612774,-5.38529044630877E-28));
#1511=CARTESIAN_POINT('',(-148.631074596516,7.15888000072999,2.));
#1512=CARTESIAN_POINT('',(-148.631074596516,7.15888000072999,-1.60823569962839E-13));
#1513=CARTESIAN_POINT('',(-188.039225700884,38.5399983189344,0.));
#1514=CARTESIAN_POINT('',(-188.039225700884,38.5399983189344,56.));
#1515=CARTESIAN_POINT('',(-188.039225700884,38.5399983189344,2.));
#1516=CARTESIAN_POINT('',(-188.039225700884,38.5399983189344,54.));
#1517=CARTESIAN_POINT('',(-190.301967400681,28.6405033823227,0.));
#1518=CARTESIAN_POINT('',(-190.301967400681,28.6405033823227,56.));
#1519=CARTESIAN_POINT('',(-190.301967400681,28.6405033823227,2.));
#1520=CARTESIAN_POINT('',(-190.301967400681,28.6405033823227,54.));
#1521=CARTESIAN_POINT('',(-178.139730764273,36.2772566191374,0.));
#1522=CARTESIAN_POINT('',(-178.139730764273,36.2772566191374,56.));
#1523=CARTESIAN_POINT('',(-178.139730764273,36.2772566191374,2.));
#1524=CARTESIAN_POINT('',(-178.139730764273,36.2772566191374,54.));
#1525=CARTESIAN_POINT('',(-180.40247246407,26.3777616825258,0.));
#1526=CARTESIAN_POINT('',(-180.40247246407,26.3777616825258,56.));
#1527=CARTESIAN_POINT('',(-180.40247246407,26.3777616825258,2.));
#1528=CARTESIAN_POINT('',(-180.40247246407,26.3777616825258,54.));
#1529=CARTESIAN_POINT('',(-181.392421957731,35.2873071254763,0.));
#1530=CARTESIAN_POINT('',(-181.392421957731,35.2873071254763,56.));
#1531=CARTESIAN_POINT('',(-181.392421957731,35.2873071254763,2.));
#1532=CARTESIAN_POINT('',(-181.392421957731,35.2873071254763,54.));
#1533=CARTESIAN_POINT('',(-157.251361324616,4.15888000072999,28.));
#1534=CARTESIAN_POINT('',(-157.251361324616,6.15888000072998,28.));
#1535=CARTESIAN_POINT('',(-162.851361324616,4.15888000072999,35.));
#1536=CARTESIAN_POINT('',(-162.851361324616,6.15888000072999,35.));
#1537=CARTESIAN_POINT('',(-154.251361324616,4.15888000072999,29.6));
#1538=CARTESIAN_POINT('',(-154.251361324616,6.15888000072999,29.6));
#1539=CARTESIAN_POINT('',(-168.251361324616,4.15888000072999,26.4));
#1540=CARTESIAN_POINT('',(-168.251361324616,6.15888000072999,26.4));
#1541=CARTESIAN_POINT('',(-159.651361324616,4.15888000072999,21.));
#1542=CARTESIAN_POINT('',(-159.651361324616,6.15888000072999,21.));
#1543=CARTESIAN_POINT('',(-162.851361324616,4.15888000072999,47.));
#1544=CARTESIAN_POINT('',(-162.851361324616,6.15888000072999,47.));
#1545=CARTESIAN_POINT('',(-162.851361324616,4.15888000072999,9.00000000000004));
#1546=CARTESIAN_POINT('',(-162.851361324616,6.15888000072999,9.00000000000004));
#1547=CARTESIAN_POINT('',(-171.917191089831,17.8924803082869,0.));
#1548=CARTESIAN_POINT('',(-171.917191089831,17.892480308287,56.));
#1549=CARTESIAN_POINT('',(-171.917191089831,17.8924803082869,2.));
#1550=CARTESIAN_POINT('',(-171.917191089831,17.892480308287,54.));
#1551=CARTESIAN_POINT('',(-190.301967400681,36.2772566191374,0.));
#1552=CARTESIAN_POINT('',(-190.301967400681,36.2772566191374,2.));
#1553=CARTESIAN_POINT('',(-190.301967400681,36.2772566191374,54.));
#1554=CARTESIAN_POINT('',(-190.301967400681,36.2772566191374,56.));
#1555=CARTESIAN_POINT('',(-188.039225700885,26.3777616825258,0.));
#1556=CARTESIAN_POINT('',(-188.039225700884,26.3777616825258,2.));
#1557=CARTESIAN_POINT('',(-188.039225700885,26.3777616825258,54.));
#1558=CARTESIAN_POINT('',(-188.039225700884,26.3777616825258,56.));
#1559=CARTESIAN_POINT('',(-180.40247246407,38.5399983189344,0.));
#1560=CARTESIAN_POINT('',(-180.40247246407,38.5399983189344,2.));
#1561=CARTESIAN_POINT('',(-180.40247246407,38.5399983189344,54.));
#1562=CARTESIAN_POINT('',(-180.40247246407,38.5399983189344,56.));
#1563=CARTESIAN_POINT('',(-178.139730764273,28.6405033823227,0.));
#1564=CARTESIAN_POINT('',(-178.139730764273,28.6405033823227,2.));
#1565=CARTESIAN_POINT('',(-178.139730764273,28.6405033823227,54.));
#1566=CARTESIAN_POINT('',(-178.139730764273,28.6405033823227,56.));
#1567=CARTESIAN_POINT('',(-187.049276207223,29.6304528759839,0.));
#1568=CARTESIAN_POINT('',(-187.049276207223,29.6304528759839,2.));
#1569=CARTESIAN_POINT('',(-187.049276207223,29.6304528759839,54.));
#1570=CARTESIAN_POINT('',(-187.049276207223,29.6304528759839,56.));
#1571=CARTESIAN_POINT('',(-165.251361324616,4.15888000072999,28.));
#1572=CARTESIAN_POINT('',(-165.251361324616,6.15888000072999,28.));
#1573=CARTESIAN_POINT('',(-159.651361324616,4.15888000072999,35.));
#1574=CARTESIAN_POINT('',(-159.651361324616,6.15888000072999,35.));
#1575=CARTESIAN_POINT('',(-154.251361324616,4.15888000072999,26.4));
#1576=CARTESIAN_POINT('',(-154.251361324616,6.15888000072999,26.4));
#1577=CARTESIAN_POINT('',(-168.251361324616,4.15888000072999,29.6));
#1578=CARTESIAN_POINT('',(-168.251361324616,6.15888000072999,29.6));
#1579=CARTESIAN_POINT('',(-162.851361324616,4.15888000072999,21.));
#1580=CARTESIAN_POINT('',(-162.851361324616,6.15888000072999,21.));
#1581=CARTESIAN_POINT('',(-159.651361324616,6.15888000072999,47.));
#1582=CARTESIAN_POINT('',(-159.651361324616,4.15888000072999,47.));
#1583=CARTESIAN_POINT('',(-159.651361324616,6.15888000072999,9.00000000000005));
#1584=CARTESIAN_POINT('',(-159.651361324616,4.15888000072999,9.00000000000005));
#1585=CARTESIAN_POINT('',(-169.654449390035,20.1552220080839,2.));
#1586=CARTESIAN_POINT('',(-169.654449390035,20.1552220080839,-3.5527136788005E-15));
#1587=CARTESIAN_POINT('',(-169.654449390034,20.155222008084,56.));
#1588=CARTESIAN_POINT('',(-169.654449390034,20.155222008084,54.));
#1589=CARTESIAN_POINT('',(-193.201104661982,23.4786233380969,2.));
#1590=CARTESIAN_POINT('',(-196.920849082477,27.1983673099454,2.));
#1591=CARTESIAN_POINT('',(-196.920849082477,32.45888000073,2.));
#1592=CARTESIAN_POINT('',(-196.920849082477,32.45888000073,2.));
#1593=CARTESIAN_POINT('',(-196.920849082477,32.45888000073,0.));
#1594=CARTESIAN_POINT('',(-196.920849082477,32.45888000073,0.));
#1595=CARTESIAN_POINT('',(-196.920849082477,27.1983673099454,0.));
#1596=CARTESIAN_POINT('',(-193.201104661982,23.4786233380969,0.));
#1597=CARTESIAN_POINT('',(-193.201104661982,23.4786233380969,0.));
#1598=CARTESIAN_POINT('',(-193.201104661982,23.4786233380969,2.));
#1599=CARTESIAN_POINT('',(-148.621361324616,6.15888000072999,3.));
#1600=CARTESIAN_POINT('',(-148.621361324616,4.15888000072999,3.));
#1601=CARTESIAN_POINT('',(-148.621361324616,6.15888000072999,53.));
#1602=CARTESIAN_POINT('',(-148.621361324616,6.15888000072999,3.));
#1603=CARTESIAN_POINT('',(-148.621361324616,4.15888000072999,53.));
#1604=CARTESIAN_POINT('',(-148.621361324616,4.82554666739666,53.));
#1605=CARTESIAN_POINT('',(-148.621361324616,5.49221333406332,53.));
#1606=CARTESIAN_POINT('',(-148.621361324616,6.15888000072999,53.));
#1607=CARTESIAN_POINT('',(-148.621361324616,4.15888000072999,3.));
#1608=CARTESIAN_POINT('',(-148.621361324616,4.15888000072999,53.));
#1609=CARTESIAN_POINT('',(-148.631074596489,7.15888000072999,54.));
#1610=CARTESIAN_POINT('',(-148.620069832967,7.04122281624315,54.));
#1611=CARTESIAN_POINT('',(-148.613941148213,6.91305742200861,53.9783316455038));
#1612=CARTESIAN_POINT('',(-148.607988317541,6.66672052238245,53.8805342677466));
#1613=CARTESIAN_POINT('',(-148.608151355956,6.54902570747885,53.8043425766921));
#1614=CARTESIAN_POINT('',(-148.611231827582,6.35464215303673,53.6099923966856));
#1615=CARTESIAN_POINT('',(-148.614149260794,6.2784196844835,53.4922994678773));
#1616=CARTESIAN_POINT('',(-148.619214009311,6.18056945746226,53.2459219703245));
#1617=CARTESIAN_POINT('',(-148.621361324616,6.15888000072999,53.1177135475261));
#1618=CARTESIAN_POINT('',(-148.621361324616,6.15888000072999,53.));
#1619=CARTESIAN_POINT('',(-148.631074596489,7.15888000072999,56.));
#1620=CARTESIAN_POINT('',(-148.631074596489,7.15888000072999,54.));
#1621=CARTESIAN_POINT('',(-148.621361324616,4.15888000072999,53.));
#1622=CARTESIAN_POINT('',(-148.621361324616,4.15888000072999,53.3535543171735));
#1623=CARTESIAN_POINT('',(-148.619214009311,4.2239483709268,53.7377659109736));
#1624=CARTESIAN_POINT('',(-148.614149260794,4.51749905199052,54.4768984036318));
#1625=CARTESIAN_POINT('',(-148.611231827582,4.7461664576502,54.8299771900568));
#1626=CARTESIAN_POINT('',(-148.608151355956,5.32931712097655,55.4130277300763));
#1627=CARTESIAN_POINT('',(-148.607988317541,5.68240156568737,55.6416028032399));
#1628=CARTESIAN_POINT('',(-148.613941148213,6.42141226456586,55.9349949365114));
#1629=CARTESIAN_POINT('',(-148.6200570173,6.80549739201697,56.));
#1630=CARTESIAN_POINT('',(-148.631074596489,7.15888000072999,56.));
#1631=CARTESIAN_POINT('',(-148.631074596489,7.15888000072999,54.));
#1632=CARTESIAN_POINT('',(-148.877925043764,15.076468204175,53.9999999999985));
#1633=CARTESIAN_POINT('',(-154.479225700883,20.6777688612735,54.));
#1634=CARTESIAN_POINT('',(-154.479225700883,20.6777688612735,54.));
#1635=CARTESIAN_POINT('',(-154.479225700883,20.6777688612735,56.));
#1636=CARTESIAN_POINT('',(-154.479225700883,20.6777688612735,56.));
#1637=CARTESIAN_POINT('',(-148.877925043764,15.076468204175,55.9999999999985));
#1638=CARTESIAN_POINT('',(-148.631074596489,7.15888000072999,56.));
#1639=CARTESIAN_POINT('',(-154.479225700883,20.6777688612735,54.));
#1640=CARTESIAN_POINT('',(-175.240592961408,41.439136121799,54.));
#1641=CARTESIAN_POINT('',(-175.240592961408,41.439136121799,54.));
#1642=CARTESIAN_POINT('',(-175.240592961408,41.439136121799,56.));
#1643=CARTESIAN_POINT('',(-175.240592961408,41.439136121799,56.));
#1644=CARTESIAN_POINT('',(-154.479225700883,20.6777688612735,56.));
#1645=CARTESIAN_POINT('',(-175.240592961408,41.439136121799,54.));
#1646=CARTESIAN_POINT('',(-184.220849353259,50.4193925136506,54.));
#1647=CARTESIAN_POINT('',(-193.201105474328,41.4391358510173,54.));
#1648=CARTESIAN_POINT('',(-202.181361595398,32.458879188384,54.));
#1649=CARTESIAN_POINT('',(-193.201104661982,23.478623338097,54.));
#1650=CARTESIAN_POINT('',(-193.201104661982,23.478623338097,54.));
#1651=CARTESIAN_POINT('',(-193.201104661982,23.478623338097,56.));
#1652=CARTESIAN_POINT('',(-193.201104661982,23.478623338097,56.));
#1653=CARTESIAN_POINT('',(-202.181361595397,32.4588791883841,56.));
#1654=CARTESIAN_POINT('',(-193.201105474328,41.4391358510171,56.));
#1655=CARTESIAN_POINT('',(-184.220849353259,50.4193925136501,56.));
#1656=CARTESIAN_POINT('',(-175.240592961408,41.439136121799,56.));
#1657=CARTESIAN_POINT('',(-193.201104661982,23.478623338097,54.));
#1658=CARTESIAN_POINT('',(-176.881361324616,7.15888000072999,54.));
#1659=CARTESIAN_POINT('',(-176.881361324616,7.15888000072999,54.));
#1660=CARTESIAN_POINT('',(-176.881361324616,7.15888000072999,56.));
#1661=CARTESIAN_POINT('',(-176.881361324616,7.15888000072999,56.));
#1662=CARTESIAN_POINT('',(-193.201104661982,23.478623338097,56.));
#1663=CARTESIAN_POINT('',(-176.881361324616,7.15888000072999,54.));
#1664=CARTESIAN_POINT('',(-175.124002011735,6.57309356310308,54.));
#1665=CARTESIAN_POINT('',(-173.881361324616,6.15888000072999,53.5857864376269));
#1666=CARTESIAN_POINT('',(-173.881361324616,6.15888000072999,53.));
#1667=CARTESIAN_POINT('',(-173.881361324616,4.1588800007304,53.));
#1668=CARTESIAN_POINT('',(-173.881361324616,4.15888000072999,54.7573593128807));
#1669=CARTESIAN_POINT('',(-175.124002011735,5.40152068784927,56.));
#1670=CARTESIAN_POINT('',(-176.881361324616,7.15888000072999,56.));
#1671=CARTESIAN_POINT('',(-173.881361324616,6.15888000072999,53.));
#1672=CARTESIAN_POINT('',(-173.881361324616,4.1588800007304,53.));
#1673=CARTESIAN_POINT('',(-173.881361324616,6.15888000072999,3.));
#1674=CARTESIAN_POINT('',(-173.881361324616,6.15888000072999,53.));
#1675=CARTESIAN_POINT('',(-173.881361324616,4.1588800007304,3.));
#1676=CARTESIAN_POINT('',(-173.881361324616,6.15888000072999,3.));
#1677=CARTESIAN_POINT('',(-173.881361324616,4.1588800007304,53.));
#1678=CARTESIAN_POINT('',(-173.881361324616,4.1588800007304,3.));
#1679=CARTESIAN_POINT('',(-176.881361324615,7.15888000072999,2.));
#1680=CARTESIAN_POINT('',(-175.124002011734,6.57309356310309,2.));
#1681=CARTESIAN_POINT('',(-173.881361324615,6.15888000072999,2.4142135623731));
#1682=CARTESIAN_POINT('',(-173.881361324616,6.15888000072999,3.));
#1683=CARTESIAN_POINT('',(-176.881361324615,7.15888000072999,0.));
#1684=CARTESIAN_POINT('',(-176.881361324615,7.15888000072999,2.));
#1685=CARTESIAN_POINT('',(-173.881361324616,4.1588800007304,3.));
#1686=CARTESIAN_POINT('',(-173.881361324615,4.15888000072999,1.24264068711929));
#1687=CARTESIAN_POINT('',(-175.124002011734,5.40152068784928,0.));
#1688=CARTESIAN_POINT('',(-176.881361324615,7.15888000072999,0.));
#1689=CARTESIAN_POINT('',(-193.201104661982,23.4786233380969,2.));
#1690=CARTESIAN_POINT('',(-176.881361324615,7.15888000072999,2.));
#1691=CARTESIAN_POINT('',(-176.881361324615,7.15888000072999,0.));
#1692=CARTESIAN_POINT('',(-193.201104661982,23.4786233380969,0.));
#1693=CARTESIAN_POINT('',(-196.920849082477,32.45888000073,2.));
#1694=CARTESIAN_POINT('',(-196.920849082477,40.944748702305,2.));
#1695=CARTESIAN_POINT('',(-189.080928673514,44.1921500636232,2.));
#1696=CARTESIAN_POINT('',(-181.24100826455,47.4395514249414,2.));
#1697=CARTESIAN_POINT('',(-175.240592961408,41.439136121799,2.));
#1698=CARTESIAN_POINT('',(-175.240592961408,41.439136121799,2.));
#1699=CARTESIAN_POINT('',(-175.240592961408,41.439136121799,0.));
#1700=CARTESIAN_POINT('',(-175.240592961408,41.439136121799,0.));
#1701=CARTESIAN_POINT('',(-181.24100826455,47.4395514249415,0.));
#1702=CARTESIAN_POINT('',(-189.080928673514,44.1921500636233,0.));
#1703=CARTESIAN_POINT('',(-196.920849082477,40.9447487023051,0.));
#1704=CARTESIAN_POINT('',(-196.920849082477,32.45888000073,0.));
#1705=CARTESIAN_POINT('',(-154.479225700887,20.6777688612774,2.));
#1706=CARTESIAN_POINT('',(-175.240592961408,41.439136121799,2.));
#1707=CARTESIAN_POINT('',(-154.479225700887,20.6777688612774,-5.38529044630877E-28));
#1708=CARTESIAN_POINT('',(-154.479225700887,20.6777688612774,2.));
#1709=CARTESIAN_POINT('',(-175.240592961408,41.439136121799,0.));
#1710=CARTESIAN_POINT('',(-154.479225700887,20.6777688612774,-5.38529044630877E-28));
#1711=CARTESIAN_POINT('',(-154.479225700887,20.6777688612774,2.));
#1712=CARTESIAN_POINT('',(-148.877925043795,15.0764682041654,1.99999999999842));
#1713=CARTESIAN_POINT('',(-148.631074596516,7.15888000072999,2.));
#1714=CARTESIAN_POINT('',(-148.631074596516,7.15888000072999,2.));
#1715=CARTESIAN_POINT('',(-148.631074596516,7.15888000072999,1.33333333333328));
#1716=CARTESIAN_POINT('',(-148.631074596516,7.15888000072999,0.666666666666559));
#1717=CARTESIAN_POINT('',(-148.631074596516,7.15888000072999,-1.60823569962839E-13));
#1718=CARTESIAN_POINT('',(-148.631074596516,7.15888000072999,-1.60823569962839E-13));
#1719=CARTESIAN_POINT('',(-148.877925043795,15.0764682041655,-1.57555383548223E-12));
#1720=CARTESIAN_POINT('',(-154.479225700887,20.6777688612774,0.));
#1721=CARTESIAN_POINT('',(-148.621361324616,6.15888000072999,3.));
#1722=CARTESIAN_POINT('',(-148.621361324616,6.15888000072999,2.88228645247389));
#1723=CARTESIAN_POINT('',(-148.619214009312,6.18056945746226,2.75407802967545));
#1724=CARTESIAN_POINT('',(-148.6141492608,6.2784196844835,2.50770053212273));
#1725=CARTESIAN_POINT('',(-148.611231827592,6.35464215303673,2.39000760331441));
#1726=CARTESIAN_POINT('',(-148.608151355972,6.54902570747885,2.19565742330791));
#1727=CARTESIAN_POINT('',(-148.607988317561,6.66672052238245,2.11946573225338));
#1728=CARTESIAN_POINT('',(-148.613941148238,6.91305742200861,2.0216683544962));
#1729=CARTESIAN_POINT('',(-148.620069832994,7.04122281624315,2.));
#1730=CARTESIAN_POINT('',(-148.631074596516,7.15888000072999,2.));
#1731=CARTESIAN_POINT('',(-148.631074596516,7.15888000072999,-1.60823569962839E-13));
#1732=CARTESIAN_POINT('',(-148.620057017327,6.80549739201696,0.));
#1733=CARTESIAN_POINT('',(-148.613941148238,6.42141226456586,0.0650050634885978));
#1734=CARTESIAN_POINT('',(-148.607988317561,5.68240156568737,0.358397196760133));
#1735=CARTESIAN_POINT('',(-148.608151355972,5.32931712097656,0.586972269923723));
#1736=CARTESIAN_POINT('',(-148.611231827592,4.7461664576502,1.17002280994322));
#1737=CARTESIAN_POINT('',(-148.6141492608,4.51749905199052,1.52310159636818));
#1738=CARTESIAN_POINT('',(-148.619214009312,4.2239483709268,2.26223408902635));
#1739=CARTESIAN_POINT('',(-148.621361324616,4.15888000072999,2.6464456828265));
#1740=CARTESIAN_POINT('',(-148.621361324616,4.15888000072999,3.));
#1741=CARTESIAN_POINT('',(-148.631074596516,7.15888000072999,-1.60823569962839E-13));
#1742=CARTESIAN_POINT('',(-176.881361324615,7.15888000072999,0.));
#1743=CARTESIAN_POINT('',(-148.621361324616,4.15888000072999,53.));
#1744=CARTESIAN_POINT('',(-173.881361324616,4.1588800007304,53.));
#1745=CARTESIAN_POINT('',(-173.881361324616,4.1588800007304,3.));
#1746=CARTESIAN_POINT('',(-148.621361324616,4.15888000072999,3.));
#1747=CARTESIAN_POINT('',(-176.881361324616,7.15888000072999,56.));
#1748=CARTESIAN_POINT('',(-148.631074596489,7.15888000072999,56.));
#1749=CARTESIAN_POINT('',(-148.631074596516,7.15888000072999,2.));
#1750=CARTESIAN_POINT('',(-176.881361324615,7.15888000072999,2.));
#1751=CARTESIAN_POINT('',(-173.881361324616,6.15888000072999,3.));
#1752=CARTESIAN_POINT('',(-148.621361324616,6.15888000072999,3.));
#1753=CARTESIAN_POINT('',(-148.621361324616,6.15888000072999,53.));
#1754=CARTESIAN_POINT('',(-173.881361324616,6.15888000072999,53.));
#1755=CARTESIAN_POINT('',(-176.881361324616,7.15888000072999,54.));
#1756=CARTESIAN_POINT('',(-148.631074596489,7.15888000072999,54.));
#1757=CARTESIAN_POINT('',(-188.039225700884,38.5399983189344,0.));
#1758=CARTESIAN_POINT('',(-189.170596550783,39.6713691688329,0.));
#1759=CARTESIAN_POINT('',(-190.301967400681,38.5399983189344,0.));
#1760=CARTESIAN_POINT('',(-191.43333825058,37.4086274690359,0.));
#1761=CARTESIAN_POINT('',(-190.301967400681,36.2772566191374,0.));
#1762=CARTESIAN_POINT('',(-188.039225700884,38.5399983189344,56.));
#1763=CARTESIAN_POINT('',(-186.907854850986,37.4086274690359,56.));
#1764=CARTESIAN_POINT('',(-188.039225700884,36.2772566191374,56.));
#1765=CARTESIAN_POINT('',(-189.170596550783,35.145885769239,56.));
#1766=CARTESIAN_POINT('',(-190.301967400681,36.2772566191374,56.));
#1767=CARTESIAN_POINT('',(-188.039225700884,38.5399983189344,2.));
#1768=CARTESIAN_POINT('',(-189.170596550783,39.6713691688329,2.));
#1769=CARTESIAN_POINT('',(-190.301967400681,38.5399983189344,2.));
#1770=CARTESIAN_POINT('',(-191.43333825058,37.4086274690359,2.));
#1771=CARTESIAN_POINT('',(-190.301967400681,36.2772566191374,2.));
#1772=CARTESIAN_POINT('',(-188.039225700884,38.5399983189344,54.));
#1773=CARTESIAN_POINT('',(-186.907854850986,37.4086274690359,54.));
#1774=CARTESIAN_POINT('',(-188.039225700884,36.2772566191374,54.));
#1775=CARTESIAN_POINT('',(-189.170596550783,35.145885769239,54.));
#1776=CARTESIAN_POINT('',(-190.301967400681,36.2772566191374,54.));
#1777=CARTESIAN_POINT('',(-188.039225700884,38.5399983189344,54.));
#1778=CARTESIAN_POINT('',(-188.039225700884,38.5399983189344,56.));
#1779=CARTESIAN_POINT('',(-188.039225700884,38.5399983189344,0.));
#1780=CARTESIAN_POINT('',(-188.039225700884,38.5399983189344,2.));
#1781=CARTESIAN_POINT('',(-190.301967400681,28.6405033823227,0.));
#1782=CARTESIAN_POINT('',(-191.43333825058,27.5091325324242,0.));
#1783=CARTESIAN_POINT('',(-190.301967400681,26.3777616825258,0.));
#1784=CARTESIAN_POINT('',(-189.170596550783,25.2463908326273,0.));
#1785=CARTESIAN_POINT('',(-188.039225700884,26.3777616825258,0.));
#1786=CARTESIAN_POINT('',(-190.301967400681,28.6405033823227,56.));
#1787=CARTESIAN_POINT('',(-189.170596550783,29.7718742322212,56.));
#1788=CARTESIAN_POINT('',(-188.039225700884,28.6405033823227,56.));
#1789=CARTESIAN_POINT('',(-186.907854850986,27.5091325324242,56.));
#1790=CARTESIAN_POINT('',(-188.039225700884,26.3777616825258,56.));
#1791=CARTESIAN_POINT('',(-190.301967400681,28.6405033823227,2.));
#1792=CARTESIAN_POINT('',(-191.43333825058,27.5091325324242,2.));
#1793=CARTESIAN_POINT('',(-190.301967400681,26.3777616825258,2.));
#1794=CARTESIAN_POINT('',(-189.170596550783,25.2463908326273,2.));
#1795=CARTESIAN_POINT('',(-188.039225700884,26.3777616825258,2.));
#1796=CARTESIAN_POINT('',(-190.301967400681,28.6405033823227,54.));
#1797=CARTESIAN_POINT('',(-189.170596550783,29.7718742322212,54.));
#1798=CARTESIAN_POINT('',(-188.039225700884,28.6405033823227,54.));
#1799=CARTESIAN_POINT('',(-186.907854850986,27.5091325324242,54.));
#1800=CARTESIAN_POINT('',(-188.039225700885,26.3777616825258,54.));
#1801=CARTESIAN_POINT('',(-190.301967400681,28.6405033823227,54.));
#1802=CARTESIAN_POINT('',(-190.301967400681,28.6405033823227,56.));
#1803=CARTESIAN_POINT('',(-190.301967400681,28.6405033823227,0.));
#1804=CARTESIAN_POINT('',(-190.301967400681,28.6405033823227,2.));
#1805=CARTESIAN_POINT('',(-178.139730764273,36.2772566191374,0.));
#1806=CARTESIAN_POINT('',(-177.008359914374,37.4086274690359,0.));
#1807=CARTESIAN_POINT('',(-178.139730764273,38.5399983189344,0.));
#1808=CARTESIAN_POINT('',(-179.271101614171,39.6713691688329,0.));
#1809=CARTESIAN_POINT('',(-180.40247246407,38.5399983189344,0.));
#1810=CARTESIAN_POINT('',(-178.139730764273,36.2772566191374,56.));
#1811=CARTESIAN_POINT('',(-179.271101614171,35.145885769239,56.));
#1812=CARTESIAN_POINT('',(-180.40247246407,36.2772566191374,56.));
#1813=CARTESIAN_POINT('',(-181.533843313968,37.4086274690359,56.));
#1814=CARTESIAN_POINT('',(-180.40247246407,38.5399983189344,56.));
#1815=CARTESIAN_POINT('',(-178.139730764273,36.2772566191374,2.));
#1816=CARTESIAN_POINT('',(-177.008359914374,37.4086274690359,2.));
#1817=CARTESIAN_POINT('',(-178.139730764273,38.5399983189344,2.));
#1818=CARTESIAN_POINT('',(-179.271101614171,39.6713691688329,2.));
#1819=CARTESIAN_POINT('',(-180.40247246407,38.5399983189344,2.));
#1820=CARTESIAN_POINT('',(-178.139730764273,36.2772566191374,54.));
#1821=CARTESIAN_POINT('',(-179.271101614171,35.145885769239,54.));
#1822=CARTESIAN_POINT('',(-180.40247246407,36.2772566191374,54.));
#1823=CARTESIAN_POINT('',(-181.533843313968,37.4086274690359,54.));
#1824=CARTESIAN_POINT('',(-180.40247246407,38.5399983189344,54.));
#1825=CARTESIAN_POINT('',(-178.139730764273,36.2772566191374,54.));
#1826=CARTESIAN_POINT('',(-178.139730764273,36.2772566191374,56.));
#1827=CARTESIAN_POINT('',(-178.139730764273,36.2772566191374,0.));
#1828=CARTESIAN_POINT('',(-178.139730764273,36.2772566191374,2.));
#1829=CARTESIAN_POINT('',(-180.40247246407,26.3777616825258,0.));
#1830=CARTESIAN_POINT('',(-179.271101614171,25.2463908326273,0.));
#1831=CARTESIAN_POINT('',(-178.139730764273,26.3777616825258,0.));
#1832=CARTESIAN_POINT('',(-177.008359914374,27.5091325324242,0.));
#1833=CARTESIAN_POINT('',(-178.139730764273,28.6405033823227,0.));
#1834=CARTESIAN_POINT('',(-180.40247246407,26.3777616825258,56.));
#1835=CARTESIAN_POINT('',(-181.533843313968,27.5091325324242,56.));
#1836=CARTESIAN_POINT('',(-180.40247246407,28.6405033823227,56.));
#1837=CARTESIAN_POINT('',(-179.271101614171,29.7718742322212,56.));
#1838=CARTESIAN_POINT('',(-178.139730764273,28.6405033823227,56.));
#1839=CARTESIAN_POINT('',(-180.40247246407,26.3777616825258,2.));
#1840=CARTESIAN_POINT('',(-179.271101614171,25.2463908326273,2.));
#1841=CARTESIAN_POINT('',(-178.139730764273,26.3777616825258,2.));
#1842=CARTESIAN_POINT('',(-177.008359914374,27.5091325324242,2.));
#1843=CARTESIAN_POINT('',(-178.139730764273,28.6405033823227,2.));
#1844=CARTESIAN_POINT('',(-180.40247246407,26.3777616825258,54.));
#1845=CARTESIAN_POINT('',(-181.533843313968,27.5091325324242,54.));
#1846=CARTESIAN_POINT('',(-180.40247246407,28.6405033823227,54.));
#1847=CARTESIAN_POINT('',(-179.271101614171,29.7718742322212,54.));
#1848=CARTESIAN_POINT('',(-178.139730764273,28.6405033823227,54.));
#1849=CARTESIAN_POINT('',(-180.40247246407,26.3777616825258,54.));
#1850=CARTESIAN_POINT('',(-180.40247246407,26.3777616825258,56.));
#1851=CARTESIAN_POINT('',(-180.40247246407,26.3777616825258,0.));
#1852=CARTESIAN_POINT('',(-180.40247246407,26.3777616825258,2.));
#1853=CARTESIAN_POINT('',(-181.392421957731,35.2873071254763,0.));
#1854=CARTESIAN_POINT('',(-184.220849082477,38.1157342502225,0.));
#1855=CARTESIAN_POINT('',(-187.049276207223,35.2873071254763,0.));
#1856=CARTESIAN_POINT('',(-189.877703331969,32.4588800007301,0.));
#1857=CARTESIAN_POINT('',(-187.049276207223,29.6304528759839,0.));
#1858=CARTESIAN_POINT('',(-181.392421957731,35.2873071254763,56.));
#1859=CARTESIAN_POINT('',(-178.563994832985,32.4588800007301,56.));
#1860=CARTESIAN_POINT('',(-181.392421957731,29.6304528759839,56.));
#1861=CARTESIAN_POINT('',(-184.220849082477,26.8020257512377,56.));
#1862=CARTESIAN_POINT('',(-187.049276207223,29.6304528759839,56.));
#1863=CARTESIAN_POINT('',(-181.392421957731,35.2873071254763,2.));
#1864=CARTESIAN_POINT('',(-184.220849082477,38.1157342502225,2.));
#1865=CARTESIAN_POINT('',(-187.049276207223,35.2873071254763,2.));
#1866=CARTESIAN_POINT('',(-189.877703331969,32.4588800007301,2.));
#1867=CARTESIAN_POINT('',(-187.049276207223,29.6304528759839,2.));
#1868=CARTESIAN_POINT('',(-181.392421957731,35.2873071254763,54.));
#1869=CARTESIAN_POINT('',(-178.563994832985,32.4588800007301,54.));
#1870=CARTESIAN_POINT('',(-181.392421957731,29.6304528759839,54.));
#1871=CARTESIAN_POINT('',(-184.220849082477,26.8020257512377,54.));
#1872=CARTESIAN_POINT('',(-187.049276207223,29.6304528759839,54.));
#1873=CARTESIAN_POINT('',(-181.392421957731,35.2873071254763,54.));
#1874=CARTESIAN_POINT('',(-181.392421957731,35.2873071254763,56.));
#1875=CARTESIAN_POINT('',(-181.392421957731,35.2873071254763,0.));
#1876=CARTESIAN_POINT('',(-181.392421957731,35.2873071254763,2.));
#1877=CARTESIAN_POINT('',(-157.251361324616,4.15888000072999,28.));
#1878=CARTESIAN_POINT('',(-157.251361324616,4.15888000072999,24.));
#1879=CARTESIAN_POINT('',(-161.251361324616,4.15888000072999,24.));
#1880=CARTESIAN_POINT('',(-165.251361324616,4.15888000072999,24.));
#1881=CARTESIAN_POINT('',(-165.251361324616,4.15888000072999,28.));
#1882=CARTESIAN_POINT('',(-157.251361324616,6.15888000072999,28.));
#1883=CARTESIAN_POINT('',(-157.251361324616,6.15888000072999,24.));
#1884=CARTESIAN_POINT('',(-161.251361324616,6.15888000072999,24.));
#1885=CARTESIAN_POINT('',(-165.251361324616,6.15888000072999,24.));
#1886=CARTESIAN_POINT('',(-165.251361324616,6.15888000072999,28.));
#1887=CARTESIAN_POINT('',(-157.251361324616,4.15888000072999,28.));
#1888=CARTESIAN_POINT('',(-157.251361324616,6.15888000072998,28.));
#1889=CARTESIAN_POINT('',(-162.851361324616,4.15888000072999,35.));
#1890=CARTESIAN_POINT('',(-162.851361324616,4.15888000072999,36.6));
#1891=CARTESIAN_POINT('',(-161.251361324616,4.15888000072999,36.6));
#1892=CARTESIAN_POINT('',(-159.651361324616,4.15888000072999,36.6));
#1893=CARTESIAN_POINT('',(-159.651361324616,4.15888000072998,35.));
#1894=CARTESIAN_POINT('',(-162.851361324616,6.15888000072999,35.));
#1895=CARTESIAN_POINT('',(-162.851361324616,6.15888000072999,36.6));
#1896=CARTESIAN_POINT('',(-161.251361324616,6.15888000072999,36.6));
#1897=CARTESIAN_POINT('',(-159.651361324616,6.15888000072999,36.6));
#1898=CARTESIAN_POINT('',(-159.651361324616,6.15888000072999,35.));
#1899=CARTESIAN_POINT('',(-162.851361324616,4.15888000072999,35.));
#1900=CARTESIAN_POINT('',(-162.851361324616,6.15888000072999,35.));
#1901=CARTESIAN_POINT('',(-154.251361324616,4.15888000072999,29.6));
#1902=CARTESIAN_POINT('',(-152.651361324616,4.15888000072999,29.6));
#1903=CARTESIAN_POINT('',(-152.651361324616,4.15888000072999,28.));
#1904=CARTESIAN_POINT('',(-152.651361324616,4.15888000072999,26.4));
#1905=CARTESIAN_POINT('',(-154.251361324616,4.15888000072998,26.4));
#1906=CARTESIAN_POINT('',(-154.251361324616,6.15888000072999,29.6));
#1907=CARTESIAN_POINT('',(-152.651361324616,6.15888000072999,29.6));
#1908=CARTESIAN_POINT('',(-152.651361324616,6.15888000072999,28.));
#1909=CARTESIAN_POINT('',(-152.651361324616,6.15888000072999,26.4));
#1910=CARTESIAN_POINT('',(-154.251361324616,6.15888000072999,26.4));
#1911=CARTESIAN_POINT('',(-154.251361324616,4.15888000072999,29.6));
#1912=CARTESIAN_POINT('',(-154.251361324616,6.15888000072999,29.6));
#1913=CARTESIAN_POINT('',(-168.251361324616,4.15888000072999,26.4));
#1914=CARTESIAN_POINT('',(-169.851361324616,4.15888000072999,26.4));
#1915=CARTESIAN_POINT('',(-169.851361324616,4.15888000072999,28.));
#1916=CARTESIAN_POINT('',(-169.851361324616,4.15888000072999,29.6));
#1917=CARTESIAN_POINT('',(-168.251361324616,4.15888000072999,29.6));
#1918=CARTESIAN_POINT('',(-168.251361324616,6.15888000072999,26.4));
#1919=CARTESIAN_POINT('',(-169.851361324616,6.15888000072999,26.4));
#1920=CARTESIAN_POINT('',(-169.851361324616,6.15888000072999,28.));
#1921=CARTESIAN_POINT('',(-169.851361324616,6.15888000072999,29.6));
#1922=CARTESIAN_POINT('',(-168.251361324616,6.15888000072999,29.6));
#1923=CARTESIAN_POINT('',(-168.251361324616,4.15888000072999,26.4));
#1924=CARTESIAN_POINT('',(-168.251361324616,6.15888000072999,26.4));
#1925=CARTESIAN_POINT('',(-159.651361324616,4.15888000072999,21.));
#1926=CARTESIAN_POINT('',(-159.651361324616,4.15888000072999,19.4));
#1927=CARTESIAN_POINT('',(-161.251361324616,4.15888000072999,19.4));
#1928=CARTESIAN_POINT('',(-162.851361324616,4.15888000072999,19.4));
#1929=CARTESIAN_POINT('',(-162.851361324616,4.15888000072998,21.));
#1930=CARTESIAN_POINT('',(-159.651361324616,6.15888000072999,21.));
#1931=CARTESIAN_POINT('',(-159.651361324616,6.15888000072999,19.4));
#1932=CARTESIAN_POINT('',(-161.251361324616,6.15888000072999,19.4));
#1933=CARTESIAN_POINT('',(-162.851361324616,6.15888000072999,19.4));
#1934=CARTESIAN_POINT('',(-162.851361324616,6.15888000072999,21.));
#1935=CARTESIAN_POINT('',(-159.651361324616,4.15888000072999,21.));
#1936=CARTESIAN_POINT('',(-159.651361324616,6.15888000072999,21.));
#1937=CARTESIAN_POINT('',(-162.851361324616,4.15888000072999,47.));
#1938=CARTESIAN_POINT('',(-162.851361324616,4.15888000072999,48.6));
#1939=CARTESIAN_POINT('',(-161.251361324616,4.15888000072999,48.6));
#1940=CARTESIAN_POINT('',(-159.651361324616,4.15888000072999,48.6));
#1941=CARTESIAN_POINT('',(-159.651361324616,4.15888000072999,47.));
#1942=CARTESIAN_POINT('',(-162.851361324616,6.15888000072999,47.));
#1943=CARTESIAN_POINT('',(-162.851361324616,6.15888000072999,48.6));
#1944=CARTESIAN_POINT('',(-161.251361324616,6.15888000072999,48.6));
#1945=CARTESIAN_POINT('',(-159.651361324616,6.15888000072999,48.6));
#1946=CARTESIAN_POINT('',(-159.651361324616,6.15888000072999,47.));
#1947=CARTESIAN_POINT('',(-162.851361324616,6.15888000072999,47.));
#1948=CARTESIAN_POINT('',(-162.851361324616,4.15888000072999,47.));
#1949=CARTESIAN_POINT('',(-162.851361324616,4.15888000072999,9.00000000000004));
#1950=CARTESIAN_POINT('',(-162.851361324616,4.15888000072999,10.6000000000001));
#1951=CARTESIAN_POINT('',(-161.251361324616,4.15888000072999,10.6));
#1952=CARTESIAN_POINT('',(-159.651361324616,4.15888000072999,10.6000000000001));
#1953=CARTESIAN_POINT('',(-159.651361324616,4.15888000072999,9.00000000000005));
#1954=CARTESIAN_POINT('',(-162.851361324616,6.15888000072999,9.00000000000004));
#1955=CARTESIAN_POINT('',(-162.851361324616,6.15888000072999,10.6000000000001));
#1956=CARTESIAN_POINT('',(-161.251361324616,6.15888000072999,10.6));
#1957=CARTESIAN_POINT('',(-159.651361324616,6.15888000072999,10.6000000000001));
#1958=CARTESIAN_POINT('',(-159.651361324616,6.15888000072999,9.00000000000005));
#1959=CARTESIAN_POINT('',(-162.851361324616,6.15888000072999,9.00000000000004));
#1960=CARTESIAN_POINT('',(-162.851361324616,4.15888000072999,9.00000000000004));
#1961=CARTESIAN_POINT('',(-171.917191089831,17.892480308287,56.));
#1962=CARTESIAN_POINT('',(-173.04856193973,19.0238511581855,56.));
#1963=CARTESIAN_POINT('',(-171.917191089831,20.155222008084,56.));
#1964=CARTESIAN_POINT('',(-170.785820239933,21.2865928579824,56.));
#1965=CARTESIAN_POINT('',(-169.654449390034,20.155222008084,56.));
#1966=CARTESIAN_POINT('',(-171.917191089831,17.892480308287,56.));
#1967=CARTESIAN_POINT('',(-171.917191089831,17.892480308287,54.));
#1968=CARTESIAN_POINT('',(-171.917191089831,17.8924803082869,-3.5527136788005E-15));
#1969=CARTESIAN_POINT('',(-170.785820239933,16.7611094583884,-5.02429586778808E-15));
#1970=CARTESIAN_POINT('',(-169.654449390035,17.8924803082869,-3.5527136788005E-15));
#1971=CARTESIAN_POINT('',(-168.523078540136,19.0238511581854,-5.02429586778808E-15));
#1972=CARTESIAN_POINT('',(-169.654449390034,20.1552220080839,-3.5527136788005E-15));
#1973=CARTESIAN_POINT('',(-171.917191089831,17.8924803082869,2.));
#1974=CARTESIAN_POINT('',(-170.785820239933,16.7611094583884,2.));
#1975=CARTESIAN_POINT('',(-169.654449390035,17.8924803082869,2.));
#1976=CARTESIAN_POINT('',(-168.523078540136,19.0238511581854,2.));
#1977=CARTESIAN_POINT('',(-169.654449390035,20.1552220080839,2.));
#1978=CARTESIAN_POINT('',(-171.917191089831,17.892480308287,54.));
#1979=CARTESIAN_POINT('',(-173.04856193973,19.0238511581855,54.));
#1980=CARTESIAN_POINT('',(-171.917191089831,20.155222008084,54.));
#1981=CARTESIAN_POINT('',(-170.785820239933,21.2865928579824,54.));
#1982=CARTESIAN_POINT('',(-169.654449390034,20.155222008084,54.));
#1983=CARTESIAN_POINT('',(-171.917191089831,17.8924803082869,2.));
#1984=CARTESIAN_POINT('',(-171.917191089831,17.8924803082869,0.));
#1985=CARTESIAN_POINT('',(-190.301967400681,36.2772566191374,-3.5527136788005E-15));
#1986=CARTESIAN_POINT('',(-190.301967400681,36.2772566191374,1.99999999999999));
#1987=CARTESIAN_POINT('',(-190.301967400681,36.2772566191374,0.));
#1988=CARTESIAN_POINT('',(-189.170596550783,35.145885769239,0.));
#1989=CARTESIAN_POINT('',(-188.039225700884,36.2772566191374,0.));
#1990=CARTESIAN_POINT('',(-186.907854850986,37.4086274690359,0.));
#1991=CARTESIAN_POINT('',(-188.039225700884,38.5399983189344,0.));
#1992=CARTESIAN_POINT('',(-190.301967400681,36.2772566191374,2.));
#1993=CARTESIAN_POINT('',(-189.170596550783,35.145885769239,2.));
#1994=CARTESIAN_POINT('',(-188.039225700884,36.2772566191374,2.));
#1995=CARTESIAN_POINT('',(-186.907854850986,37.4086274690359,2.));
#1996=CARTESIAN_POINT('',(-188.039225700884,38.5399983189344,2.));
#1997=CARTESIAN_POINT('',(-190.301967400681,36.2772566191374,54.));
#1998=CARTESIAN_POINT('',(-190.301967400681,36.2772566191374,56.));
#1999=CARTESIAN_POINT('',(-190.301967400681,36.2772566191374,56.));
#2000=CARTESIAN_POINT('',(-191.43333825058,37.4086274690359,56.));
#2001=CARTESIAN_POINT('',(-190.301967400681,38.5399983189344,56.));
#2002=CARTESIAN_POINT('',(-189.170596550783,39.6713691688329,56.));
#2003=CARTESIAN_POINT('',(-188.039225700884,38.5399983189344,56.));
#2004=CARTESIAN_POINT('',(-190.301967400681,36.2772566191374,54.));
#2005=CARTESIAN_POINT('',(-191.43333825058,37.4086274690359,54.));
#2006=CARTESIAN_POINT('',(-190.301967400681,38.5399983189344,54.));
#2007=CARTESIAN_POINT('',(-189.170596550783,39.6713691688329,54.));
#2008=CARTESIAN_POINT('',(-188.039225700884,38.5399983189344,54.));
#2009=CARTESIAN_POINT('',(-188.039225700884,26.3777616825258,-3.5527136788005E-15));
#2010=CARTESIAN_POINT('',(-188.039225700884,26.3777616825258,1.99999999999999));
#2011=CARTESIAN_POINT('',(-188.039225700885,26.3777616825258,0.));
#2012=CARTESIAN_POINT('',(-186.907854850986,27.5091325324242,0.));
#2013=CARTESIAN_POINT('',(-188.039225700884,28.6405033823227,0.));
#2014=CARTESIAN_POINT('',(-189.170596550783,29.7718742322212,0.));
#2015=CARTESIAN_POINT('',(-190.301967400681,28.6405033823227,0.));
#2016=CARTESIAN_POINT('',(-188.039225700884,26.3777616825258,2.));
#2017=CARTESIAN_POINT('',(-186.907854850986,27.5091325324242,2.));
#2018=CARTESIAN_POINT('',(-188.039225700884,28.6405033823227,2.));
#2019=CARTESIAN_POINT('',(-189.170596550783,29.7718742322212,2.));
#2020=CARTESIAN_POINT('',(-190.301967400681,28.6405033823227,2.));
#2021=CARTESIAN_POINT('',(-188.039225700884,26.3777616825258,54.));
#2022=CARTESIAN_POINT('',(-188.039225700884,26.3777616825258,56.));
#2023=CARTESIAN_POINT('',(-188.039225700884,26.3777616825258,56.));
#2024=CARTESIAN_POINT('',(-189.170596550783,25.2463908326273,56.));
#2025=CARTESIAN_POINT('',(-190.301967400681,26.3777616825258,56.));
#2026=CARTESIAN_POINT('',(-191.43333825058,27.5091325324242,56.));
#2027=CARTESIAN_POINT('',(-190.301967400681,28.6405033823227,56.));
#2028=CARTESIAN_POINT('',(-188.039225700885,26.3777616825258,54.));
#2029=CARTESIAN_POINT('',(-189.170596550783,25.2463908326273,54.));
#2030=CARTESIAN_POINT('',(-190.301967400681,26.3777616825258,54.));
#2031=CARTESIAN_POINT('',(-191.43333825058,27.5091325324242,54.));
#2032=CARTESIAN_POINT('',(-190.301967400681,28.6405033823227,54.));
#2033=CARTESIAN_POINT('',(-180.40247246407,38.5399983189344,-3.5527136788005E-15));
#2034=CARTESIAN_POINT('',(-180.40247246407,38.5399983189344,1.99999999999999));
#2035=CARTESIAN_POINT('',(-180.40247246407,38.5399983189344,0.));
#2036=CARTESIAN_POINT('',(-181.533843313968,37.4086274690359,0.));
#2037=CARTESIAN_POINT('',(-180.40247246407,36.2772566191374,0.));
#2038=CARTESIAN_POINT('',(-179.271101614171,35.145885769239,0.));
#2039=CARTESIAN_POINT('',(-178.139730764273,36.2772566191374,0.));
#2040=CARTESIAN_POINT('',(-180.40247246407,38.5399983189344,2.));
#2041=CARTESIAN_POINT('',(-181.533843313968,37.4086274690359,2.));
#2042=CARTESIAN_POINT('',(-180.40247246407,36.2772566191374,2.));
#2043=CARTESIAN_POINT('',(-179.271101614171,35.145885769239,2.));
#2044=CARTESIAN_POINT('',(-178.139730764273,36.2772566191374,2.));
#2045=CARTESIAN_POINT('',(-180.40247246407,38.5399983189344,54.));
#2046=CARTESIAN_POINT('',(-180.40247246407,38.5399983189344,56.));
#2047=CARTESIAN_POINT('',(-180.40247246407,38.5399983189344,56.));
#2048=CARTESIAN_POINT('',(-179.271101614171,39.6713691688329,56.));
#2049=CARTESIAN_POINT('',(-178.139730764273,38.5399983189344,56.));
#2050=CARTESIAN_POINT('',(-177.008359914374,37.4086274690359,56.));
#2051=CARTESIAN_POINT('',(-178.139730764273,36.2772566191374,56.));
#2052=CARTESIAN_POINT('',(-180.40247246407,38.5399983189344,54.));
#2053=CARTESIAN_POINT('',(-179.271101614171,39.6713691688329,54.));
#2054=CARTESIAN_POINT('',(-178.139730764273,38.5399983189344,54.));
#2055=CARTESIAN_POINT('',(-177.008359914374,37.4086274690359,54.));
#2056=CARTESIAN_POINT('',(-178.139730764273,36.2772566191374,54.));
#2057=CARTESIAN_POINT('',(-178.139730764273,28.6405033823227,-3.5527136788005E-15));
#2058=CARTESIAN_POINT('',(-178.139730764273,28.6405033823227,1.99999999999999));
#2059=CARTESIAN_POINT('',(-178.139730764273,28.6405033823227,0.));
#2060=CARTESIAN_POINT('',(-179.271101614171,29.7718742322212,0.));
#2061=CARTESIAN_POINT('',(-180.40247246407,28.6405033823227,0.));
#2062=CARTESIAN_POINT('',(-181.533843313968,27.5091325324242,0.));
#2063=CARTESIAN_POINT('',(-180.40247246407,26.3777616825258,0.));
#2064=CARTESIAN_POINT('',(-178.139730764273,28.6405033823227,2.));
#2065=CARTESIAN_POINT('',(-179.271101614171,29.7718742322212,2.));
#2066=CARTESIAN_POINT('',(-180.40247246407,28.6405033823227,2.));
#2067=CARTESIAN_POINT('',(-181.533843313968,27.5091325324242,2.));
#2068=CARTESIAN_POINT('',(-180.40247246407,26.3777616825258,2.));
#2069=CARTESIAN_POINT('',(-178.139730764273,28.6405033823227,54.));
#2070=CARTESIAN_POINT('',(-178.139730764273,28.6405033823227,56.));
#2071=CARTESIAN_POINT('',(-178.139730764273,28.6405033823227,56.));
#2072=CARTESIAN_POINT('',(-177.008359914374,27.5091325324242,56.));
#2073=CARTESIAN_POINT('',(-178.139730764273,26.3777616825258,56.));
#2074=CARTESIAN_POINT('',(-179.271101614171,25.2463908326273,56.));
#2075=CARTESIAN_POINT('',(-180.40247246407,26.3777616825258,56.));
#2076=CARTESIAN_POINT('',(-178.139730764273,28.6405033823227,54.));
#2077=CARTESIAN_POINT('',(-177.008359914374,27.5091325324242,54.));
#2078=CARTESIAN_POINT('',(-178.139730764273,26.3777616825258,54.));
#2079=CARTESIAN_POINT('',(-179.271101614171,25.2463908326273,54.));
#2080=CARTESIAN_POINT('',(-180.40247246407,26.3777616825258,54.));
#2081=CARTESIAN_POINT('',(-187.049276207223,29.6304528759839,-3.5527136788005E-15));
#2082=CARTESIAN_POINT('',(-187.049276207223,29.6304528759839,1.99999999999999));
#2083=CARTESIAN_POINT('',(-187.049276207223,29.6304528759839,0.));
#2084=CARTESIAN_POINT('',(-184.220849082477,26.8020257512377,0.));
#2085=CARTESIAN_POINT('',(-181.392421957731,29.6304528759839,0.));
#2086=CARTESIAN_POINT('',(-178.563994832985,32.4588800007301,0.));
#2087=CARTESIAN_POINT('',(-181.392421957731,35.2873071254763,0.));
#2088=CARTESIAN_POINT('',(-187.049276207223,29.6304528759839,2.));
#2089=CARTESIAN_POINT('',(-184.220849082477,26.8020257512377,2.));
#2090=CARTESIAN_POINT('',(-181.392421957731,29.6304528759839,2.));
#2091=CARTESIAN_POINT('',(-178.563994832985,32.4588800007301,2.));
#2092=CARTESIAN_POINT('',(-181.392421957731,35.2873071254763,2.));
#2093=CARTESIAN_POINT('',(-187.049276207223,29.6304528759839,54.));
#2094=CARTESIAN_POINT('',(-187.049276207223,29.6304528759839,56.));
#2095=CARTESIAN_POINT('',(-187.049276207223,29.6304528759839,56.));
#2096=CARTESIAN_POINT('',(-189.877703331969,32.4588800007301,56.));
#2097=CARTESIAN_POINT('',(-187.049276207223,35.2873071254763,56.));
#2098=CARTESIAN_POINT('',(-184.220849082477,38.1157342502225,56.));
#2099=CARTESIAN_POINT('',(-181.392421957731,35.2873071254763,56.));
#2100=CARTESIAN_POINT('',(-187.049276207223,29.6304528759839,54.));
#2101=CARTESIAN_POINT('',(-189.877703331969,32.4588800007301,54.));
#2102=CARTESIAN_POINT('',(-187.049276207223,35.2873071254763,54.));
#2103=CARTESIAN_POINT('',(-184.220849082477,38.1157342502225,54.));
#2104=CARTESIAN_POINT('',(-181.392421957731,35.2873071254763,54.));
#2105=CARTESIAN_POINT('',(-165.251361324616,4.15888000072999,28.));
#2106=CARTESIAN_POINT('',(-165.251361324616,6.15888000072998,28.));
#2107=CARTESIAN_POINT('',(-165.251361324616,4.15888000072999,28.));
#2108=CARTESIAN_POINT('',(-165.251361324616,4.15888000072999,32.));
#2109=CARTESIAN_POINT('',(-161.251361324616,4.15888000072999,32.));
#2110=CARTESIAN_POINT('',(-157.251361324616,4.15888000072999,32.));
#2111=CARTESIAN_POINT('',(-157.251361324616,4.15888000072999,28.));
#2112=CARTESIAN_POINT('',(-165.251361324616,6.15888000072999,28.));
#2113=CARTESIAN_POINT('',(-165.251361324616,6.15888000072999,32.));
#2114=CARTESIAN_POINT('',(-161.251361324616,6.15888000072999,32.));
#2115=CARTESIAN_POINT('',(-157.251361324616,6.15888000072999,32.));
#2116=CARTESIAN_POINT('',(-157.251361324616,6.15888000072999,28.));
#2117=CARTESIAN_POINT('',(-159.651361324616,4.15888000072999,35.));
#2118=CARTESIAN_POINT('',(-159.651361324616,6.15888000073,35.));
#2119=CARTESIAN_POINT('',(-159.651361324616,4.15888000072999,35.));
#2120=CARTESIAN_POINT('',(-159.651361324616,4.15888000072999,33.4));
#2121=CARTESIAN_POINT('',(-161.251361324616,4.15888000072999,33.4));
#2122=CARTESIAN_POINT('',(-162.851361324616,4.15888000072999,33.4));
#2123=CARTESIAN_POINT('',(-162.851361324616,4.15888000072999,35.));
#2124=CARTESIAN_POINT('',(-159.651361324616,6.15888000072999,35.));
#2125=CARTESIAN_POINT('',(-159.651361324616,6.15888000072999,33.4));
#2126=CARTESIAN_POINT('',(-161.251361324616,6.15888000072999,33.4));
#2127=CARTESIAN_POINT('',(-162.851361324616,6.15888000072999,33.4));
#2128=CARTESIAN_POINT('',(-162.851361324616,6.15888000072999,35.));
#2129=CARTESIAN_POINT('',(-154.251361324616,4.15888000072999,26.4));
#2130=CARTESIAN_POINT('',(-154.251361324616,6.15888000073,26.4));
#2131=CARTESIAN_POINT('',(-154.251361324616,4.15888000072999,26.4));
#2132=CARTESIAN_POINT('',(-155.851361324616,4.15888000072999,26.4));
#2133=CARTESIAN_POINT('',(-155.851361324616,4.15888000072999,28.));
#2134=CARTESIAN_POINT('',(-155.851361324616,4.15888000072999,29.6));
#2135=CARTESIAN_POINT('',(-154.251361324616,4.15888000072999,29.6));
#2136=CARTESIAN_POINT('',(-154.251361324616,6.15888000072999,26.4));
#2137=CARTESIAN_POINT('',(-155.851361324616,6.15888000072999,26.4));
#2138=CARTESIAN_POINT('',(-155.851361324616,6.15888000072999,28.));
#2139=CARTESIAN_POINT('',(-155.851361324616,6.15888000072999,29.6));
#2140=CARTESIAN_POINT('',(-154.251361324616,6.15888000072999,29.6));
#2141=CARTESIAN_POINT('',(-168.251361324616,4.15888000072999,29.6));
#2142=CARTESIAN_POINT('',(-168.251361324616,6.15888000073,29.6));
#2143=CARTESIAN_POINT('',(-168.251361324616,4.15888000072999,29.6));
#2144=CARTESIAN_POINT('',(-166.651361324616,4.15888000072999,29.6));
#2145=CARTESIAN_POINT('',(-166.651361324616,4.15888000072999,28.));
#2146=CARTESIAN_POINT('',(-166.651361324616,4.15888000072999,26.4));
#2147=CARTESIAN_POINT('',(-168.251361324616,4.15888000072999,26.4));
#2148=CARTESIAN_POINT('',(-168.251361324616,6.15888000072999,29.6));
#2149=CARTESIAN_POINT('',(-166.651361324616,6.15888000072999,29.6));
#2150=CARTESIAN_POINT('',(-166.651361324616,6.15888000072999,28.));
#2151=CARTESIAN_POINT('',(-166.651361324616,6.15888000072999,26.4));
#2152=CARTESIAN_POINT('',(-168.251361324616,6.15888000072999,26.4));
#2153=CARTESIAN_POINT('',(-162.851361324616,4.15888000072999,21.));
#2154=CARTESIAN_POINT('',(-162.851361324616,6.15888000073,21.));
#2155=CARTESIAN_POINT('',(-162.851361324616,4.15888000072999,21.));
#2156=CARTESIAN_POINT('',(-162.851361324616,4.15888000072999,22.6));
#2157=CARTESIAN_POINT('',(-161.251361324616,4.15888000072999,22.6));
#2158=CARTESIAN_POINT('',(-159.651361324616,4.15888000072999,22.6));
#2159=CARTESIAN_POINT('',(-159.651361324616,4.15888000072999,21.));
#2160=CARTESIAN_POINT('',(-162.851361324616,6.15888000072999,21.));
#2161=CARTESIAN_POINT('',(-162.851361324616,6.15888000072999,22.6));
#2162=CARTESIAN_POINT('',(-161.251361324616,6.15888000072999,22.6));
#2163=CARTESIAN_POINT('',(-159.651361324616,6.15888000072999,22.6));
#2164=CARTESIAN_POINT('',(-159.651361324616,6.15888000072999,21.));
#2165=CARTESIAN_POINT('',(-159.651361324616,6.15888000073,47.));
#2166=CARTESIAN_POINT('',(-159.651361324616,4.15888000072999,47.));
#2167=CARTESIAN_POINT('',(-159.651361324616,4.15888000072999,47.));
#2168=CARTESIAN_POINT('',(-159.651361324616,4.15888000072999,45.4));
#2169=CARTESIAN_POINT('',(-161.251361324616,4.15888000072999,45.4));
#2170=CARTESIAN_POINT('',(-162.851361324616,4.15888000072999,45.4));
#2171=CARTESIAN_POINT('',(-162.851361324616,4.15888000072999,47.));
#2172=CARTESIAN_POINT('',(-159.651361324616,6.15888000072999,47.));
#2173=CARTESIAN_POINT('',(-159.651361324616,6.15888000072999,45.4));
#2174=CARTESIAN_POINT('',(-161.251361324616,6.15888000072999,45.4));
#2175=CARTESIAN_POINT('',(-162.851361324616,6.15888000072999,45.4));
#2176=CARTESIAN_POINT('',(-162.851361324616,6.15888000072999,47.));
#2177=CARTESIAN_POINT('',(-159.651361324616,6.15888000073,9.00000000000005));
#2178=CARTESIAN_POINT('',(-159.651361324616,4.15888000072999,9.00000000000005));
#2179=CARTESIAN_POINT('',(-159.651361324616,4.15888000072999,9.00000000000005));
#2180=CARTESIAN_POINT('',(-159.651361324616,4.15888000072999,7.40000000000003));
#2181=CARTESIAN_POINT('',(-161.251361324616,4.15888000072999,7.40000000000004));
#2182=CARTESIAN_POINT('',(-162.851361324616,4.15888000072999,7.40000000000005));
#2183=CARTESIAN_POINT('',(-162.851361324616,4.15888000072999,9.00000000000004));
#2184=CARTESIAN_POINT('',(-159.651361324616,6.15888000072999,9.00000000000005));
#2185=CARTESIAN_POINT('',(-159.651361324616,6.15888000072999,7.40000000000003));
#2186=CARTESIAN_POINT('',(-161.251361324616,6.15888000072999,7.40000000000004));
#2187=CARTESIAN_POINT('',(-162.851361324616,6.15888000072999,7.40000000000005));
#2188=CARTESIAN_POINT('',(-162.851361324616,6.15888000072999,9.00000000000004));
#2189=CARTESIAN_POINT('',(-169.654449390035,20.1552220080839,2.));
#2190=CARTESIAN_POINT('',(-169.654449390035,20.1552220080839,1.4210854715202E-14));
#2191=CARTESIAN_POINT('',(-169.654449390035,20.1552220080839,-3.5527136788005E-15));
#2192=CARTESIAN_POINT('',(-170.785820239933,21.2865928579823,-5.02429586778808E-15));
#2193=CARTESIAN_POINT('',(-171.917191089831,20.1552220080839,-3.5527136788005E-15));
#2194=CARTESIAN_POINT('',(-173.04856193973,19.0238511581854,-5.02429586778808E-15));
#2195=CARTESIAN_POINT('',(-171.917191089831,17.8924803082869,-3.5527136788005E-15));
#2196=CARTESIAN_POINT('',(-169.654449390035,20.1552220080839,2.));
#2197=CARTESIAN_POINT('',(-170.785820239933,21.2865928579824,2.));
#2198=CARTESIAN_POINT('',(-171.917191089831,20.1552220080839,2.));
#2199=CARTESIAN_POINT('',(-173.04856193973,19.0238511581854,2.));
#2200=CARTESIAN_POINT('',(-171.917191089831,17.8924803082869,2.));
#2201=CARTESIAN_POINT('',(-169.654449390034,20.155222008084,56.));
#2202=CARTESIAN_POINT('',(-169.654449390034,20.155222008084,54.));
#2203=CARTESIAN_POINT('',(-169.654449390034,20.155222008084,56.));
#2204=CARTESIAN_POINT('',(-168.523078540136,19.0238511581855,56.));
#2205=CARTESIAN_POINT('',(-169.654449390034,17.892480308287,56.));
#2206=CARTESIAN_POINT('',(-170.785820239933,16.7611094583885,56.));
#2207=CARTESIAN_POINT('',(-171.917191089831,17.892480308287,56.));
#2208=CARTESIAN_POINT('',(-169.654449390034,20.155222008084,54.));
#2209=CARTESIAN_POINT('',(-168.523078540136,19.0238511581855,54.));
#2210=CARTESIAN_POINT('',(-169.654449390034,17.892480308287,54.));
#2211=CARTESIAN_POINT('',(-170.785820239933,16.7611094583885,54.));
#2212=CARTESIAN_POINT('',(-171.917191089831,17.892480308287,54.));
#2213=CARTESIAN_POINT('',(0.,0.,0.));
ENDSEC;
END-ISO-10303-21;
